HIERARCHY
ROOT root.x
{
    OFFSET 0.0 0.0 0.0
    CHANNELS 6 Xposition Yposition Zposition Zrotation Xrotation Yrotation
    JOINT foot.l
    {
        OFFSET 0.0 0.0 0.0
        CHANNELS 3 Zrotation Xrotation Yrotation
        JOINT toes_01.l
        {
            OFFSET 0.0 0.0 0.0
            CHANNELS 3 Zrotation Xrotation Yrotation
            End Site
            {
                OFFSET 0.0 0.0 0.0
            }
        }
    }
    JOINT thigh_twist.l
    {
        OFFSET 0.0 0.0 0.0
        CHANNELS 3 Zrotation Xrotation Yrotation
        End Site
        {
            OFFSET 0.0 0.0 0.0
        }
    }
    JOINT foot.r
    {
        OFFSET 0.0 0.0 0.0
        CHANNELS 3 Zrotation Xrotation Yrotation
        JOINT toes_01.r
        {
            OFFSET 0.0 0.0 0.0
            CHANNELS 3 Zrotation Xrotation Yrotation
            End Site
            {
                OFFSET 0.0 0.0 0.0
            }
        }
    }
    JOINT thigh_twist.r
    {
        OFFSET 0.0 0.0 0.0
        CHANNELS 3 Zrotation Xrotation Yrotation
        End Site
        {
            OFFSET 0.0 0.0 0.0
        }
    }
}
ROOT spine_01.x
{
    OFFSET 0.0 0.0 0.0
    CHANNELS 6 Xposition Yposition Zposition Zrotation Xrotation Yrotation
    JOINT spine_02.x
    {
        OFFSET 0.0 0.0 0.0
        CHANNELS 3 Zrotation Xrotation Yrotation
        JOINT spine_03.x
        {
            OFFSET 0.0 0.0 0.0
            CHANNELS 3 Zrotation Xrotation Yrotation
            JOINT neck.x
            {
                OFFSET 0.0 0.0 0.0
                CHANNELS 3 Zrotation Xrotation Yrotation
                End Site
                {
                    OFFSET 0.0 0.0 0.0
                }
            }
            JOINT shoulder.r
            {
                OFFSET 0.0 0.0 0.0
                CHANNELS 3 Zrotation Xrotation Yrotation
                JOINT c_arm_twist_offset.r
                {
                    OFFSET 0.0 0.0 0.0
                    CHANNELS 3 Zrotation Xrotation Yrotation
                    End Site
                    {
                        OFFSET 0.0 0.0 0.0
                    }
                }
            }
            JOINT shoulder.l
            {
                OFFSET 0.0 0.0 0.0
                CHANNELS 3 Zrotation Xrotation Yrotation
                JOINT c_arm_twist_offset.l
                {
                    OFFSET 0.0 0.0 0.0
                    CHANNELS 3 Zrotation Xrotation Yrotation
                    End Site
                    {
                        OFFSET 0.0 0.0 0.0
                    }
                }
            }
        }
    }
}
ROOT head.x
{
    OFFSET 0.0 0.0 0.0
    CHANNELS 6 Xposition Yposition Zposition Zrotation Xrotation Yrotation
    End Site
    {
        OFFSET 0.0 0.0 0.0
    }
}
ROOT leg_stretch.l
{
    OFFSET 0.0 0.0 0.0
    CHANNELS 6 Xposition Yposition Zposition Zrotation Xrotation Yrotation
    JOINT leg_twist.l
    {
        OFFSET 0.0 0.0 0.0
        CHANNELS 3 Zrotation Xrotation Yrotation
        End Site
        {
            OFFSET 0.0 0.0 0.0
        }
    }
}
ROOT leg_stretch.r
{
    OFFSET 0.0 0.0 0.0
    CHANNELS 6 Xposition Yposition Zposition Zrotation Xrotation Yrotation
    JOINT leg_twist.r
    {
        OFFSET 0.0 0.0 0.0
        CHANNELS 3 Zrotation Xrotation Yrotation
        End Site
        {
            OFFSET 0.0 0.0 0.0
        }
    }
}
ROOT thigh_stretch.l
{
    OFFSET 0.0 0.0 0.0
    CHANNELS 6 Xposition Yposition Zposition Zrotation Xrotation Yrotation
    End Site
    {
        OFFSET 0.0 0.0 0.0
    }
}
ROOT thigh_stretch.r
{
    OFFSET 0.0 0.0 0.0
    CHANNELS 6 Xposition Yposition Zposition Zrotation Xrotation Yrotation
    End Site
    {
        OFFSET 0.0 0.0 0.0
    }
}
ROOT arm_stretch.l
{
    OFFSET 0.0 0.0 0.0
    CHANNELS 6 Xposition Yposition Zposition Zrotation Xrotation Yrotation
    End Site
    {
        OFFSET 0.0 0.0 0.0
    }
}
ROOT arm_stretch.r
{
    OFFSET 0.0 0.0 0.0
    CHANNELS 6 Xposition Yposition Zposition Zrotation Xrotation Yrotation
    End Site
    {
        OFFSET 0.0 0.0 0.0
    }
}
ROOT forearm_stretch.l
{
    OFFSET 0.0 0.0 0.0
    CHANNELS 6 Xposition Yposition Zposition Zrotation Xrotation Yrotation
    JOINT forearm_twist.l
    {
        OFFSET 0.0 0.0 0.0
        CHANNELS 3 Zrotation Xrotation Yrotation
        End Site
        {
            OFFSET 0.0 0.0 0.0
        }
    }
}
ROOT forearm_stretch.r
{
    OFFSET 0.0 0.0 0.0
    CHANNELS 6 Xposition Yposition Zposition Zrotation Xrotation Yrotation
    JOINT forearm_twist.r
    {
        OFFSET 0.0 0.0 0.0
        CHANNELS 3 Zrotation Xrotation Yrotation
        End Site
        {
            OFFSET 0.0 0.0 0.0
        }
    }
}

MOTION
Frames: 120
Frame Time: 0.033333

0.000000 0.000000 1.500000 0.000000 0.000000 0.000000 0.000000 0.000000 0.000000 0.000000 0.000000 0.000000 0.000000 0.000000 0.000000 0.000000 0.000000 0.000000 0.000000 0.000000 0.000000 -0.000000 0.000000 -0.000000 0.000000 0.000000 0.000000 0.000000 0.000000 0.000000 0.000000 0.000000 0.000000 0.000000 0.000000 0.000000 0.000000 0.000000 0.000000 0.000000 0.000000 0.000000 0.000000 0.000000 0.000000 -0.000000 0.000000 -0.000000 0.000000 0.000000 0.000000 0.000000 0.000000 0.000000 0.000000 0.000000 0.000000 -0.000000 0.000000 -0.000000 0.000000 0.000000 0.000000 0.000000 0.000000 0.000000 0.000000 0.000000 0.000000 0.000000 0.000000 0.000000 0.000000 0.000000 0.000000 0.000000 0.000000 0.000000 -0.000000 0.000000 -0.000000 0.000000 0.000000 0.000000 0.000000 0.000000 0.000000 -0.000000 0.000000 -0.000000 0.000000 0.000000 0.000000 -0.000000 0.000000 -0.000000 0.000000 0.000000 0.000000
0.031415 0.000000 1.499918 0.104712 0.000000 0.047122 0.000000 0.188372 0.000000 0.418688 0.000000 0.209378 0.000000 0.000000 0.000000 0.230256 0.000000 0.094213 0.000000 0.000000 0.000000 -1.046719 0.000000 -0.523360 0.000000 0.000000 0.000000 -1.046719 0.000000 -0.523360 0.000000 0.000000 0.000000 0.052354 0.000000 0.015707 0.000000 0.000000 0.000000 0.052354 0.000000 0.015707 0.000000 0.000000 0.000000 -1.308399 0.000000 -0.785039 0.000000 0.000000 0.000000 -1.308399 0.000000 -0.785039 0.000000 0.000000 0.000000 -1.308399 0.000000 -0.785039 0.000000 0.000000 0.000000 -1.308399 0.000000 -0.785039 0.261680 0.000000 0.125627 0.261680 0.000000 0.125627 0.052354 0.000000 0.015707 -1.570079 0.000000 -1.046719 -1.570079 0.000000 -1.046719 0.052354 0.000000 0.015707 0.052354 0.000000 0.015707 -0.785039 0.000000 -0.523360 -0.785039 0.000000 -0.523360 -1.046719 0.000000 -0.785039 -1.046719 0.000000 -0.785039
0.062822 0.000000 1.499671 0.209378 0.000000 0.094232 0.000000 0.376000 0.000000 0.836228 0.000000 0.418389 0.000000 0.000000 0.000000 0.459749 0.000000 0.188217 0.000000 0.000000 0.000000 -2.090569 0.000000 -1.045285 0.000000 0.000000 0.000000 -2.090569 0.000000 -1.045285 0.000000 0.000000 0.000000 0.104672 0.000000 0.031411 0.000000 0.000000 0.000000 0.104672 0.000000 0.031411 0.000000 0.000000 0.000000 -2.613212 0.000000 -1.567927 0.000000 0.000000 0.000000 -2.613212 0.000000 -1.567927 0.000000 0.000000 0.000000 -2.613212 0.000000 -1.567927 0.000000 0.000000 0.000000 -2.613212 0.000000 -1.567927 0.522642 0.000000 0.251034 0.522642 0.000000 0.251034 0.104672 0.000000 0.031411 -3.135854 0.000000 -2.090569 -3.135854 0.000000 -2.090569 0.104672 0.000000 0.031411 0.104672 0.000000 0.031411 -1.567927 0.000000 -1.045285 -1.567927 0.000000 -1.045285 -2.090569 0.000000 -1.567927 -2.090569 0.000000 -1.567927
0.094213 0.000000 1.499260 0.313953 0.000000 0.141319 0.000000 0.562144 0.000000 1.251476 0.000000 0.626666 0.000000 0.000000 0.000000 0.687716 0.000000 0.281802 0.000000 0.000000 0.000000 -3.128689 0.000000 -1.564345 0.000000 0.000000 0.000000 -3.128689 0.000000 -1.564345 0.000000 0.000000 0.000000 0.156918 0.000000 0.047106 0.000000 0.000000 0.000000 0.156918 0.000000 0.047106 0.000000 0.000000 0.000000 -3.910862 0.000000 -2.346517 0.000000 0.000000 0.000000 -3.910862 0.000000 -2.346517 0.000000 0.000000 0.000000 -3.910862 0.000000 -2.346517 0.000000 0.000000 0.000000 -3.910862 0.000000 -2.346517 0.782172 0.000000 0.376000 0.782172 0.000000 0.376000 0.156918 0.000000 0.047106 -4.693034 0.000000 -3.128689 -4.693034 0.000000 -3.128689 0.156918 0.000000 0.047106 0.156918 0.000000 0.047106 -2.346517 0.000000 -1.564345 -2.346517 0.000000 -1.564345 -3.128689 0.000000 -2.346517 -3.128689 0.000000 -2.346517
0.125581 0.000000 1.498684 0.418389 0.000000 0.188372 0.000000 0.746070 0.000000 1.663294 0.000000 0.833844 0.000000 0.000000 0.000000 0.913403 0.000000 0.374763 0.000000 0.000000 0.000000 -4.158234 0.000000 -2.079117 0.000000 0.000000 0.000000 -4.158234 0.000000 -2.079117 0.000000 0.000000 0.000000 0.209057 0.000000 0.062791 0.000000 0.000000 0.000000 0.209057 0.000000 0.062791 0.000000 0.000000 0.000000 -5.197792 0.000000 -3.118675 0.000000 0.000000 0.000000 -5.197792 0.000000 -3.118675 0.000000 0.000000 0.000000 -5.197792 0.000000 -3.118675 0.000000 0.000000 0.000000 -5.197792 0.000000 -3.118675 1.039558 0.000000 0.500306 1.039558 0.000000 0.500306 0.209057 0.000000 0.062791 -6.237351 0.000000 -4.158234 -6.237351 0.000000 -4.158234 0.209057 0.000000 0.062791 0.209057 0.000000 0.062791 -3.118675 0.000000 -2.079117 -3.118675 0.000000 -2.079117 -4.158234 0.000000 -3.118675 -4.158234 0.000000 -3.118675
0.156918 0.000000 1.497944 0.522642 0.000000 0.235377 0.000000 0.927051 0.000000 2.070552 0.000000 1.039558 0.000000 0.000000 0.000000 1.136061 0.000000 0.466891 0.000000 0.000000 0.000000 -5.176381 0.000000 -2.588190 0.000000 0.000000 0.000000 -5.176381 0.000000 -2.588190 0.000000 0.000000 0.000000 0.261052 0.000000 0.078459 0.000000 0.000000 0.000000 0.261052 0.000000 0.078459 0.000000 0.000000 0.000000 -6.470476 0.000000 -3.882286 0.000000 0.000000 0.000000 -6.470476 0.000000 -3.882286 0.000000 0.000000 0.000000 -6.470476 0.000000 -3.882286 0.000000 0.000000 0.000000 -6.470476 0.000000 -3.882286 1.294095 0.000000 0.623735 1.294095 0.000000 0.623735 0.261052 0.000000 0.078459 -7.764571 0.000000 -5.176381 -7.764571 0.000000 -5.176381 0.261052 0.000000 0.078459 0.261052 0.000000 0.078459 -3.882286 0.000000 -2.588190 -3.882286 0.000000 -2.588190 -5.176381 0.000000 -3.882286 -5.176381 0.000000 -3.882286
0.188217 0.000000 1.497040 0.626666 0.000000 0.282325 0.000000 1.104374 0.000000 2.472136 0.000000 1.243449 0.000000 0.000000 0.000000 1.354952 0.000000 0.557982 0.000000 0.000000 0.000000 -6.180340 0.000000 -3.090170 0.000000 0.000000 0.000000 -6.180340 0.000000 -3.090170 0.000000 0.000000 0.000000 0.312869 0.000000 0.094108 0.000000 0.000000 0.000000 0.312869 0.000000 0.094108 0.000000 0.000000 0.000000 -7.725425 0.000000 -4.635255 0.000000 0.000000 0.000000 -7.725425 0.000000 -4.635255 0.000000 0.000000 0.000000 -7.725425 0.000000 -4.635255 0.000000 0.000000 0.000000 -7.725425 0.000000 -4.635255 1.545085 0.000000 0.746070 1.545085 0.000000 0.746070 0.312869 0.000000 0.094108 -9.270510 0.000000 -6.180340 -9.270510 0.000000 -6.180340 0.312869 0.000000 0.094108 0.312869 0.000000 0.094108 -4.635255 0.000000 -3.090170 -4.635255 0.000000 -3.090170 -6.180340 0.000000 -4.635255 -6.180340 0.000000 -4.635255
0.219469 0.000000 1.495972 0.730415 0.000000 0.329203 0.000000 1.277338 0.000000 2.866944 0.000000 1.445159 0.000000 0.000000 0.000000 1.569348 0.000000 0.647835 0.000000 0.000000 0.000000 -7.167359 0.000000 -3.583679 0.000000 0.000000 0.000000 -7.167359 0.000000 -3.583679 0.000000 0.000000 0.000000 0.364471 0.000000 0.109734 0.000000 0.000000 0.000000 0.364471 0.000000 0.109734 0.000000 0.000000 0.000000 -8.959199 0.000000 -5.375519 0.000000 0.000000 0.000000 -8.959199 0.000000 -5.375519 0.000000 0.000000 0.000000 -8.959199 0.000000 -5.375519 0.000000 0.000000 0.000000 -8.959199 0.000000 -5.375519 1.791840 0.000000 0.867095 1.791840 0.000000 0.867095 0.364471 0.000000 0.109734 -10.751038 0.000000 -7.167359 -10.751038 0.000000 -7.167359 0.364471 0.000000 0.109734 0.364471 0.000000 0.109734 -5.375519 0.000000 -3.583679 -5.375519 0.000000 -3.583679 -7.167359 0.000000 -5.375519 -7.167359 0.000000 -5.375519
0.250666 0.000000 1.494739 0.833844 0.000000 0.376000 0.000000 1.445261 0.000000 3.253893 0.000000 1.644333 0.000000 0.000000 0.000000 1.778541 0.000000 0.736249 0.000000 0.000000 0.000000 -8.134733 0.000000 -4.067366 0.000000 0.000000 0.000000 -8.134733 0.000000 -4.067366 0.000000 0.000000 0.000000 0.415823 0.000000 0.125333 0.000000 0.000000 0.000000 0.415823 0.000000 0.125333 0.000000 0.000000 0.000000 -10.168416 0.000000 -6.101050 0.000000 0.000000 0.000000 -10.168416 0.000000 -6.101050 0.000000 0.000000 0.000000 -10.168416 0.000000 -6.101050 0.000000 0.000000 0.000000 -10.168416 0.000000 -6.101050 2.033683 0.000000 0.986600 2.033683 0.000000 0.986600 0.415823 0.000000 0.125333 -12.202099 0.000000 -8.134733 -12.202099 0.000000 -8.134733 0.415823 0.000000 0.125333 0.415823 0.000000 0.125333 -6.101050 0.000000 -4.067366 -6.101050 0.000000 -4.067366 -8.134733 0.000000 -6.101050 -8.134733 0.000000 -6.101050
0.281802 0.000000 1.493343 0.936907 0.000000 0.422704 0.000000 1.607480 0.000000 3.631924 0.000000 1.840623 0.000000 0.000000 0.000000 1.981835 0.000000 0.823029 0.000000 0.000000 0.000000 -9.079810 0.000000 -4.539905 0.000000 0.000000 0.000000 -9.079810 0.000000 -4.539905 0.000000 0.000000 0.000000 0.466891 0.000000 0.140901 0.000000 0.000000 0.000000 0.466891 0.000000 0.140901 0.000000 0.000000 0.000000 -11.349762 0.000000 -6.809857 0.000000 0.000000 0.000000 -11.349762 0.000000 -6.809857 0.000000 0.000000 0.000000 -11.349762 0.000000 -6.809857 0.000000 0.000000 0.000000 -11.349762 0.000000 -6.809857 2.269952 0.000000 1.104374 2.269952 0.000000 1.104374 0.466891 0.000000 0.140901 -13.619715 0.000000 -9.079810 -13.619715 0.000000 -9.079810 0.466891 0.000000 0.140901 0.466891 0.000000 0.140901 -6.809857 0.000000 -4.539905 -6.809857 0.000000 -4.539905 -9.079810 0.000000 -6.809857 -9.079810 0.000000 -6.809857
0.312869 0.000000 1.491783 1.039558 0.000000 0.469303 0.000000 1.763356 0.000000 4.000000 0.000000 2.033683 0.000000 0.000000 0.000000 2.178556 0.000000 0.907981 0.000000 0.000000 0.000000 -10.000000 0.000000 -5.000000 0.000000 0.000000 0.000000 -10.000000 0.000000 -5.000000 0.000000 0.000000 0.000000 0.517638 0.000000 0.156434 0.000000 0.000000 0.000000 0.517638 0.000000 0.156434 0.000000 0.000000 0.000000 -12.500000 0.000000 -7.500000 0.000000 0.000000 0.000000 -12.500000 0.000000 -7.500000 0.000000 0.000000 0.000000 -12.500000 0.000000 -7.500000 0.000000 0.000000 0.000000 -12.500000 0.000000 -7.500000 2.500000 0.000000 1.220210 2.500000 0.000000 1.220210 0.517638 0.000000 0.156434 -15.000000 0.000000 -10.000000 -15.000000 0.000000 -10.000000 0.517638 0.000000 0.156434 0.517638 0.000000 0.156434 -7.500000 0.000000 -5.000000 -7.500000 0.000000 -5.000000 -10.000000 0.000000 -7.500000 -10.000000 0.000000 -7.500000
0.343858 0.000000 1.490059 1.141754 0.000000 0.515787 0.000000 1.912272 0.000000 4.357112 0.000000 2.223176 0.000000 0.000000 0.000000 2.368053 0.000000 0.990917 0.000000 0.000000 0.000000 -10.892781 0.000000 -5.446390 0.000000 0.000000 0.000000 -10.892781 0.000000 -5.446390 0.000000 0.000000 0.000000 0.568031 0.000000 0.171929 0.000000 0.000000 0.000000 0.568031 0.000000 0.171929 0.000000 0.000000 0.000000 -13.615976 0.000000 -8.169586 0.000000 0.000000 0.000000 -13.615976 0.000000 -8.169586 0.000000 0.000000 0.000000 -13.615976 0.000000 -8.169586 0.000000 0.000000 0.000000 -13.615976 0.000000 -8.169586 2.723195 0.000000 1.333906 2.723195 0.000000 1.333906 0.568031 0.000000 0.171929 -16.339171 0.000000 -10.892781 -16.339171 0.000000 -10.892781 0.568031 0.000000 0.171929 0.568031 0.000000 0.171929 -8.169586 0.000000 -5.446390 -8.169586 0.000000 -5.446390 -10.892781 0.000000 -8.169586 -10.892781 0.000000 -8.169586
0.374763 0.000000 1.488172 1.243449 0.000000 0.562144 0.000000 2.053641 0.000000 4.702282 0.000000 2.408768 0.000000 0.000000 0.000000 2.549696 0.000000 1.071654 0.000000 0.000000 0.000000 -11.755705 0.000000 -5.877853 0.000000 0.000000 0.000000 -11.755705 0.000000 -5.877853 0.000000 0.000000 0.000000 0.618034 0.000000 0.187381 0.000000 0.000000 0.000000 0.618034 0.000000 0.187381 0.000000 0.000000 0.000000 -14.694631 0.000000 -8.816779 0.000000 0.000000 0.000000 -14.694631 0.000000 -8.816779 0.000000 0.000000 0.000000 -14.694631 0.000000 -8.816779 0.000000 0.000000 0.000000 -14.694631 0.000000 -8.816779 2.938926 0.000000 1.445261 2.938926 0.000000 1.445261 0.618034 0.000000 0.187381 -17.633558 0.000000 -11.755705 -17.633558 0.000000 -11.755705 0.618034 0.000000 0.187381 0.618034 0.000000 0.187381 -8.816779 0.000000 -5.877853 -8.816779 0.000000 -5.877853 -11.755705 0.000000 -8.816779 -11.755705 0.000000 -8.816779
0.405575 0.000000 1.486122 1.344599 0.000000 0.608362 0.000000 2.186906 0.000000 5.034563 0.000000 2.590135 0.000000 0.000000 0.000000 2.722883 0.000000 1.150011 0.000000 0.000000 0.000000 -12.586408 0.000000 -6.293204 0.000000 0.000000 0.000000 -12.586408 0.000000 -6.293204 0.000000 0.000000 0.000000 0.667614 0.000000 0.202787 0.000000 0.000000 0.000000 0.667614 0.000000 0.202787 0.000000 0.000000 0.000000 -15.733010 0.000000 -9.439806 0.000000 0.000000 0.000000 -15.733010 0.000000 -9.439806 0.000000 0.000000 0.000000 -15.733010 0.000000 -9.439806 0.000000 0.000000 0.000000 -15.733010 0.000000 -9.439806 3.146602 0.000000 1.554081 3.146602 0.000000 1.554081 0.667614 0.000000 0.202787 -18.879612 0.000000 -12.586408 -18.879612 0.000000 -12.586408 0.667614 0.000000 0.202787 0.667614 0.000000 0.202787 -9.439806 0.000000 -6.293204 -9.439806 0.000000 -6.293204 -12.586408 0.000000 -9.439806 -12.586408 0.000000 -9.439806
0.436286 0.000000 1.483908 1.445159 0.000000 0.654430 0.000000 2.311540 0.000000 5.353045 0.000000 2.766958 0.000000 0.000000 0.000000 2.887041 0.000000 1.225814 0.000000 0.000000 0.000000 -13.382612 0.000000 -6.691306 0.000000 0.000000 0.000000 -13.382612 0.000000 -6.691306 0.000000 0.000000 0.000000 0.716736 0.000000 0.218143 0.000000 0.000000 0.000000 0.716736 0.000000 0.218143 0.000000 0.000000 0.000000 -16.728265 0.000000 -10.036959 0.000000 0.000000 0.000000 -16.728265 0.000000 -10.036959 0.000000 0.000000 0.000000 -16.728265 0.000000 -10.036959 0.000000 0.000000 0.000000 -16.728265 0.000000 -10.036959 3.345653 0.000000 1.660175 3.345653 0.000000 1.660175 0.716736 0.000000 0.218143 -20.073918 0.000000 -13.382612 -20.073918 0.000000 -13.382612 0.716736 0.000000 0.218143 0.716736 0.000000 0.218143 -10.036959 0.000000 -6.691306 -10.036959 0.000000 -6.691306 -13.382612 0.000000 -10.036959 -13.382612 0.000000 -10.036959
0.466891 0.000000 1.481533 1.545085 0.000000 0.700336 0.000000 2.427051 0.000000 5.656854 0.000000 2.938926 0.000000 0.000000 0.000000 3.041624 0.000000 1.298896 0.000000 0.000000 0.000000 -14.142136 0.000000 -7.071068 0.000000 0.000000 0.000000 -14.142136 0.000000 -7.071068 0.000000 0.000000 0.000000 0.765367 0.000000 0.233445 0.000000 0.000000 0.000000 0.765367 0.000000 0.233445 0.000000 0.000000 0.000000 -17.677670 0.000000 -10.606602 0.000000 0.000000 0.000000 -17.677670 0.000000 -10.606602 0.000000 0.000000 0.000000 -17.677670 0.000000 -10.606602 0.000000 0.000000 0.000000 -17.677670 0.000000 -10.606602 3.535534 0.000000 1.763356 3.535534 0.000000 1.763356 0.765367 0.000000 0.233445 -21.213203 0.000000 -14.142136 -21.213203 0.000000 -14.142136 0.765367 0.000000 0.233445 0.765367 0.000000 0.233445 -10.606602 0.000000 -7.071068 -10.606602 0.000000 -7.071068 -14.142136 0.000000 -10.606602 -14.142136 0.000000 -10.606602
0.497380 0.000000 1.478994 1.644333 0.000000 0.746070 0.000000 2.532984 0.000000 5.945159 0.000000 3.105739 0.000000 0.000000 0.000000 3.186120 0.000000 1.369094 0.000000 0.000000 0.000000 -14.862897 0.000000 -7.431448 0.000000 0.000000 0.000000 -14.862897 0.000000 -7.431448 0.000000 0.000000 0.000000 0.813473 0.000000 0.248690 0.000000 0.000000 0.000000 0.813473 0.000000 0.248690 0.000000 0.000000 0.000000 -18.578621 0.000000 -11.147172 0.000000 0.000000 0.000000 -18.578621 0.000000 -11.147172 0.000000 0.000000 0.000000 -18.578621 0.000000 -11.147172 0.000000 0.000000 0.000000 -18.578621 0.000000 -11.147172 3.715724 0.000000 1.863443 3.715724 0.000000 1.863443 0.813473 0.000000 0.248690 -22.294345 0.000000 -14.862897 -22.294345 0.000000 -14.862897 0.813473 0.000000 0.248690 0.813473 0.000000 0.248690 -11.147172 0.000000 -7.431448 -11.147172 0.000000 -7.431448 -14.862897 0.000000 -11.147172 -14.862897 0.000000 -11.147172
0.527746 0.000000 1.476293 1.742860 0.000000 0.791619 0.000000 2.628920 0.000000 6.217168 0.000000 3.267103 0.000000 0.000000 0.000000 3.320049 0.000000 1.436253 0.000000 0.000000 0.000000 -15.542919 0.000000 -7.771460 0.000000 0.000000 0.000000 -15.542919 0.000000 -7.771460 0.000000 0.000000 0.000000 0.861022 0.000000 0.263873 0.000000 0.000000 0.000000 0.861022 0.000000 0.263873 0.000000 0.000000 0.000000 -19.428649 0.000000 -11.657189 0.000000 0.000000 0.000000 -19.428649 0.000000 -11.657189 0.000000 0.000000 0.000000 -19.428649 0.000000 -11.657189 0.000000 0.000000 0.000000 -19.428649 0.000000 -11.657189 3.885730 0.000000 1.960262 3.885730 0.000000 1.960262 0.861022 0.000000 0.263873 -23.314379 0.000000 -15.542919 -23.314379 0.000000 -15.542919 0.861022 0.000000 0.263873 0.861022 0.000000 0.263873 -11.657189 0.000000 -7.771460 -11.657189 0.000000 -7.771460 -15.542919 0.000000 -11.657189 -15.542919 0.000000 -11.657189
0.557982 0.000000 1.473431 1.840623 0.000000 0.836973 0.000000 2.714481 0.000000 6.472136 0.000000 3.422736 0.000000 0.000000 0.000000 3.442968 0.000000 1.500222 0.000000 0.000000 0.000000 -16.180340 0.000000 -8.090170 0.000000 0.000000 0.000000 -16.180340 0.000000 -8.090170 0.000000 0.000000 0.000000 0.907981 0.000000 0.278991 0.000000 0.000000 0.000000 0.907981 0.000000 0.278991 0.000000 0.000000 0.000000 -20.225425 0.000000 -12.135255 0.000000 0.000000 0.000000 -20.225425 0.000000 -12.135255 0.000000 0.000000 0.000000 -20.225425 0.000000 -12.135255 0.000000 0.000000 0.000000 -20.225425 0.000000 -12.135255 4.045085 0.000000 2.053641 4.045085 0.000000 2.053641 0.907981 0.000000 0.278991 -24.270510 0.000000 -16.180340 -24.270510 0.000000 -16.180340 0.907981 0.000000 0.278991 0.907981 0.000000 0.278991 -12.135255 0.000000 -8.090170 -12.135255 0.000000 -8.090170 -16.180340 0.000000 -12.135255 -16.180340 0.000000 -12.135255
0.588081 0.000000 1.470407 1.937578 0.000000 0.882121 0.000000 2.789329 0.000000 6.709365 0.000000 3.572363 0.000000 0.000000 0.000000 3.554469 0.000000 1.560861 0.000000 0.000000 0.000000 -16.773411 0.000000 -8.386706 0.000000 0.000000 0.000000 -16.773411 0.000000 -8.386706 0.000000 0.000000 0.000000 0.954318 0.000000 0.294040 0.000000 0.000000 0.000000 0.954318 0.000000 0.294040 0.000000 0.000000 0.000000 -20.966764 0.000000 -12.580059 0.000000 0.000000 0.000000 -20.966764 0.000000 -12.580059 0.000000 0.000000 0.000000 -20.966764 0.000000 -12.580059 0.000000 0.000000 0.000000 -20.966764 0.000000 -12.580059 4.193353 0.000000 2.143418 4.193353 0.000000 2.143418 0.954318 0.000000 0.294040 -25.160117 0.000000 -16.773411 -25.160117 0.000000 -16.773411 0.954318 0.000000 0.294040 0.954318 0.000000 0.294040 -12.580059 0.000000 -8.386706 -12.580059 0.000000 -8.386706 -16.773411 0.000000 -12.580059 -16.773411 0.000000 -12.580059
0.618034 0.000000 1.467221 2.033683 0.000000 0.927051 0.000000 2.853170 0.000000 6.928203 0.000000 3.715724 0.000000 0.000000 0.000000 3.654182 0.000000 1.618034 0.000000 0.000000 0.000000 -17.320508 0.000000 -8.660254 0.000000 0.000000 0.000000 -17.320508 0.000000 -8.660254 0.000000 0.000000 0.000000 1.000000 0.000000 0.309017 0.000000 0.000000 0.000000 1.000000 0.000000 0.309017 0.000000 0.000000 0.000000 -21.650635 0.000000 -12.990381 0.000000 0.000000 0.000000 -21.650635 0.000000 -12.990381 0.000000 0.000000 0.000000 -21.650635 0.000000 -12.990381 0.000000 0.000000 0.000000 -21.650635 0.000000 -12.990381 4.330127 0.000000 2.229434 4.330127 0.000000 2.229434 1.000000 0.000000 0.309017 -25.980762 0.000000 -17.320508 -25.980762 0.000000 -17.320508 1.000000 0.000000 0.309017 1.000000 0.000000 0.309017 -12.990381 0.000000 -8.660254 -12.990381 0.000000 -8.660254 -17.320508 0.000000 -12.990381 -17.320508 0.000000 -12.990381
0.647835 0.000000 1.463875 2.128896 0.000000 0.971752 0.000000 2.905749 0.000000 7.128052 0.000000 3.852566 0.000000 0.000000 0.000000 3.741776 0.000000 1.671615 0.000000 0.000000 0.000000 -17.820130 0.000000 -8.910065 0.000000 0.000000 0.000000 -17.820130 0.000000 -8.910065 0.000000 0.000000 0.000000 1.044997 0.000000 0.323917 0.000000 0.000000 0.000000 1.044997 0.000000 0.323917 0.000000 0.000000 0.000000 -22.275163 0.000000 -13.365098 0.000000 0.000000 0.000000 -22.275163 0.000000 -13.365098 0.000000 0.000000 0.000000 -22.275163 0.000000 -13.365098 0.000000 0.000000 0.000000 -22.275163 0.000000 -13.365098 4.455033 0.000000 2.311540 4.455033 0.000000 2.311540 1.044997 0.000000 0.323917 -26.730196 0.000000 -17.820130 -26.730196 0.000000 -17.820130 1.044997 0.000000 0.323917 1.044997 0.000000 0.323917 -13.365098 0.000000 -8.910065 -13.365098 0.000000 -8.910065 -17.820130 0.000000 -13.365098 -17.820130 0.000000 -13.365098
0.677476 0.000000 1.460368 2.223176 0.000000 1.016214 0.000000 2.946862 0.000000 7.308364 0.000000 3.982650 0.000000 0.000000 0.000000 3.816961 0.000000 1.721484 0.000000 0.000000 0.000000 -18.270909 0.000000 -9.135455 0.000000 0.000000 0.000000 -18.270909 0.000000 -9.135455 0.000000 0.000000 0.000000 1.089278 0.000000 0.338738 0.000000 0.000000 0.000000 1.089278 0.000000 0.338738 0.000000 0.000000 0.000000 -22.838636 0.000000 -13.703182 0.000000 0.000000 0.000000 -22.838636 0.000000 -13.703182 0.000000 0.000000 0.000000 -22.838636 0.000000 -13.703182 0.000000 0.000000 0.000000 -22.838636 0.000000 -13.703182 4.567727 0.000000 2.389590 4.567727 0.000000 2.389590 1.089278 0.000000 0.338738 -27.406364 0.000000 -18.270909 -27.406364 0.000000 -18.270909 1.089278 0.000000 0.338738 1.089278 0.000000 0.338738 -13.703182 0.000000 -9.135455 -13.703182 0.000000 -9.135455 -18.270909 0.000000 -13.703182 -18.270909 0.000000 -13.703182
0.706950 0.000000 1.456701 2.316480 0.000000 1.060425 0.000000 2.976344 0.000000 7.468643 0.000000 4.105746 0.000000 0.000000 0.000000 3.879488 0.000000 1.767531 0.000000 0.000000 0.000000 -18.671609 0.000000 -9.335804 0.000000 0.000000 0.000000 -18.671609 0.000000 -9.335804 0.000000 0.000000 0.000000 1.132812 0.000000 0.353475 0.000000 0.000000 0.000000 1.132812 0.000000 0.353475 0.000000 0.000000 0.000000 -23.339511 0.000000 -14.003706 0.000000 0.000000 0.000000 -23.339511 0.000000 -14.003706 0.000000 0.000000 0.000000 -23.339511 0.000000 -14.003706 0.000000 0.000000 0.000000 -23.339511 0.000000 -14.003706 4.667902 0.000000 2.463448 4.667902 0.000000 2.463448 1.132812 0.000000 0.353475 -28.007413 0.000000 -18.671609 -28.007413 0.000000 -18.671609 1.132812 0.000000 0.353475 1.132812 0.000000 0.353475 -14.003706 0.000000 -9.335804 -14.003706 0.000000 -9.335804 -18.671609 0.000000 -14.003706 -18.671609 0.000000 -14.003706
0.736249 0.000000 1.452875 2.408768 0.000000 1.104374 0.000000 2.994080 0.000000 7.608452 0.000000 4.221640 0.000000 0.000000 0.000000 3.929149 0.000000 1.809654 0.000000 0.000000 0.000000 -19.021130 0.000000 -9.510565 0.000000 0.000000 0.000000 -19.021130 0.000000 -9.510565 0.000000 0.000000 0.000000 1.175571 0.000000 0.368125 0.000000 0.000000 0.000000 1.175571 0.000000 0.368125 0.000000 0.000000 0.000000 -23.776413 0.000000 -14.265848 0.000000 0.000000 0.000000 -23.776413 0.000000 -14.265848 0.000000 0.000000 0.000000 -23.776413 0.000000 -14.265848 0.000000 0.000000 0.000000 -23.776413 0.000000 -14.265848 4.755283 0.000000 2.532984 4.755283 0.000000 2.532984 1.175571 0.000000 0.368125 -28.531695 0.000000 -19.021130 -28.531695 0.000000 -19.021130 1.175571 0.000000 0.368125 1.175571 0.000000 0.368125 -14.265848 0.000000 -9.510565 -14.265848 0.000000 -9.510565 -19.021130 0.000000 -14.265848 -19.021130 0.000000 -14.265848
0.765367 0.000000 1.448889 2.500000 0.000000 1.148050 0.000000 3.000000 0.000000 7.727407 0.000000 4.330127 0.000000 0.000000 0.000000 3.965779 0.000000 1.847759 0.000000 0.000000 0.000000 -19.318517 0.000000 -9.659258 0.000000 0.000000 0.000000 -19.318517 0.000000 -9.659258 0.000000 0.000000 0.000000 1.217523 0.000000 0.382683 0.000000 0.000000 0.000000 1.217523 0.000000 0.382683 0.000000 0.000000 0.000000 -24.148146 0.000000 -14.488887 0.000000 0.000000 0.000000 -24.148146 0.000000 -14.488887 0.000000 0.000000 0.000000 -24.148146 0.000000 -14.488887 0.000000 0.000000 0.000000 -24.148146 0.000000 -14.488887 4.829629 0.000000 2.598076 4.829629 0.000000 2.598076 1.217523 0.000000 0.382683 -28.977775 0.000000 -19.318517 -28.977775 0.000000 -19.318517 1.217523 0.000000 0.382683 1.217523 0.000000 0.382683 -14.488887 0.000000 -9.659258 -14.488887 0.000000 -9.659258 -19.318517 0.000000 -14.488887 -19.318517 0.000000 -14.488887
0.794296 0.000000 1.444744 2.590135 0.000000 1.191444 0.000000 2.994080 0.000000 7.825181 0.000000 4.431018 0.000000 0.000000 0.000000 3.989258 0.000000 1.881762 0.000000 0.000000 0.000000 -19.562952 0.000000 -9.781476 0.000000 0.000000 0.000000 -19.562952 0.000000 -9.781476 0.000000 0.000000 0.000000 1.258641 0.000000 0.397148 0.000000 0.000000 0.000000 1.258641 0.000000 0.397148 0.000000 0.000000 0.000000 -24.453690 0.000000 -14.672214 0.000000 0.000000 0.000000 -24.453690 0.000000 -14.672214 0.000000 0.000000 0.000000 -24.453690 0.000000 -14.672214 0.000000 0.000000 0.000000 -24.453690 0.000000 -14.672214 4.890738 0.000000 2.658611 4.890738 0.000000 2.658611 1.258641 0.000000 0.397148 -29.344428 0.000000 -19.562952 -29.344428 0.000000 -19.562952 1.258641 0.000000 0.397148 1.258641 0.000000 0.397148 -14.672214 0.000000 -9.781476 -14.672214 0.000000 -9.781476 -19.562952 0.000000 -14.672214 -19.562952 0.000000 -14.672214
0.823029 0.000000 1.440441 2.679134 0.000000 1.234543 0.000000 2.976344 0.000000 7.901507 0.000000 4.524135 0.000000 0.000000 0.000000 3.999507 0.000000 1.911586 0.000000 0.000000 0.000000 -19.753767 0.000000 -9.876883 0.000000 0.000000 0.000000 -19.753767 0.000000 -9.876883 0.000000 0.000000 0.000000 1.298896 0.000000 0.411514 0.000000 0.000000 0.000000 1.298896 0.000000 0.411514 0.000000 0.000000 0.000000 -24.692209 0.000000 -14.815325 0.000000 0.000000 0.000000 -24.692209 0.000000 -14.815325 0.000000 0.000000 0.000000 -24.692209 0.000000 -14.815325 0.000000 0.000000 0.000000 -24.692209 0.000000 -14.815325 4.938442 0.000000 2.714481 4.938442 0.000000 2.714481 1.298896 0.000000 0.411514 -29.630650 0.000000 -19.753767 -29.630650 0.000000 -19.753767 1.298896 0.000000 0.411514 1.298896 0.000000 0.411514 -14.815325 0.000000 -9.876883 -14.815325 0.000000 -9.876883 -19.753767 0.000000 -14.815325 -19.753767 0.000000 -14.815325
0.851559 0.000000 1.435979 2.766958 0.000000 1.277338 0.000000 2.946862 0.000000 7.956175 0.000000 4.609316 0.000000 0.000000 0.000000 3.996491 0.000000 1.937166 0.000000 0.000000 0.000000 -19.890438 0.000000 -9.945219 0.000000 0.000000 0.000000 -19.890438 0.000000 -9.945219 0.000000 0.000000 0.000000 1.338261 0.000000 0.425779 0.000000 0.000000 0.000000 1.338261 0.000000 0.425779 0.000000 0.000000 0.000000 -24.863047 0.000000 -14.917828 0.000000 0.000000 0.000000 -24.863047 0.000000 -14.917828 0.000000 0.000000 0.000000 -24.863047 0.000000 -14.917828 0.000000 0.000000 0.000000 -24.863047 0.000000 -14.917828 4.972609 0.000000 2.765589 4.972609 0.000000 2.765589 1.338261 0.000000 0.425779 -29.835657 0.000000 -19.890438 -29.835657 0.000000 -19.890438 1.338261 0.000000 0.425779 1.338261 0.000000 0.425779 -14.917828 0.000000 -9.945219 -14.917828 0.000000 -9.945219 -19.890438 0.000000 -14.917828 -19.890438 0.000000 -14.917828
0.879878 0.000000 1.431360 2.853568 0.000000 1.319818 0.000000 2.905749 0.000000 7.989036 0.000000 4.686410 0.000000 0.000000 0.000000 3.980222 0.000000 1.958446 0.000000 0.000000 0.000000 -19.972591 0.000000 -9.986295 0.000000 0.000000 0.000000 -19.972591 0.000000 -9.986295 0.000000 0.000000 0.000000 1.376709 0.000000 0.439939 0.000000 0.000000 0.000000 1.376709 0.000000 0.439939 0.000000 0.000000 0.000000 -24.965738 0.000000 -14.979443 0.000000 0.000000 0.000000 -24.965738 0.000000 -14.979443 0.000000 0.000000 0.000000 -24.965738 0.000000 -14.979443 0.000000 0.000000 0.000000 -24.965738 0.000000 -14.979443 4.993148 0.000000 2.811846 4.993148 0.000000 2.811846 1.376709 0.000000 0.439939 -29.958886 0.000000 -19.972591 -29.958886 0.000000 -19.972591 1.376709 0.000000 0.439939 1.376709 0.000000 0.439939 -14.979443 0.000000 -9.986295 -14.979443 0.000000 -9.986295 -19.972591 0.000000 -14.979443 -19.972591 0.000000 -14.979443
0.907981 0.000000 1.426585 2.938926 0.000000 1.361971 0.000000 2.853170 0.000000 8.000000 0.000000 4.755283 0.000000 0.000000 0.000000 3.950753 0.000000 1.975377 0.000000 0.000000 0.000000 -20.000000 0.000000 -10.000000 0.000000 0.000000 0.000000 -20.000000 0.000000 -10.000000 0.000000 0.000000 0.000000 1.414214 0.000000 0.453990 0.000000 0.000000 0.000000 1.414214 0.000000 0.453990 0.000000 0.000000 0.000000 -25.000000 0.000000 -15.000000 0.000000 0.000000 0.000000 -25.000000 0.000000 -15.000000 0.000000 0.000000 0.000000 -25.000000 0.000000 -15.000000 0.000000 0.000000 0.000000 -25.000000 0.000000 -15.000000 5.000000 0.000000 2.853170 5.000000 0.000000 2.853170 1.414214 0.000000 0.453990 -30.000000 0.000000 -20.000000 -30.000000 0.000000 -20.000000 1.414214 0.000000 0.453990 1.414214 0.000000 0.453990 -15.000000 0.000000 -10.000000 -15.000000 0.000000 -10.000000 -20.000000 0.000000 -15.000000 -20.000000 0.000000 -15.000000
0.935860 0.000000 1.421653 3.022996 0.000000 1.403789 0.000000 2.789329 0.000000 7.989036 0.000000 4.815813 0.000000 0.000000 0.000000 3.908182 0.000000 1.987922 0.000000 0.000000 0.000000 -19.972591 0.000000 -9.986295 0.000000 0.000000 0.000000 -19.972591 0.000000 -9.986295 0.000000 0.000000 0.000000 1.450749 0.000000 0.467930 0.000000 0.000000 0.000000 1.450749 0.000000 0.467930 0.000000 0.000000 0.000000 -24.965738 0.000000 -14.979443 0.000000 0.000000 0.000000 -24.965738 0.000000 -14.979443 0.000000 0.000000 0.000000 -24.965738 0.000000 -14.979443 0.000000 0.000000 0.000000 -24.965738 0.000000 -14.979443 4.993148 0.000000 2.889488 4.993148 0.000000 2.889488 1.450749 0.000000 0.467930 -29.958886 0.000000 -19.972591 -29.958886 0.000000 -19.972591 1.450749 0.000000 0.467930 1.450749 0.000000 0.467930 -14.979443 0.000000 -9.986295 -14.979443 0.000000 -9.986295 -19.972591 0.000000 -14.979443 -19.972591 0.000000 -14.979443
0.963507 0.000000 1.416565 3.105739 0.000000 1.445261 0.000000 2.714481 0.000000 7.956175 0.000000 4.867895 0.000000 0.000000 0.000000 3.852650 0.000000 1.996053 0.000000 0.000000 0.000000 -19.890438 0.000000 -9.945219 0.000000 0.000000 0.000000 -19.890438 0.000000 -9.945219 0.000000 0.000000 0.000000 1.486290 0.000000 0.481754 0.000000 0.000000 0.000000 1.486290 0.000000 0.481754 0.000000 0.000000 0.000000 -24.863047 0.000000 -14.917828 0.000000 0.000000 0.000000 -24.863047 0.000000 -14.917828 0.000000 0.000000 0.000000 -24.863047 0.000000 -14.917828 0.000000 0.000000 0.000000 -24.863047 0.000000 -14.917828 4.972609 0.000000 2.920737 4.972609 0.000000 2.920737 1.486290 0.000000 0.481754 -29.835657 0.000000 -19.890438 -29.835657 0.000000 -19.890438 1.486290 0.000000 0.481754 1.486290 0.000000 0.481754 -14.917828 0.000000 -9.945219 -14.917828 0.000000 -9.945219 -19.890438 0.000000 -14.917828 -19.890438 0.000000 -14.917828
0.990917 0.000000 1.411321 3.187120 0.000000 1.486376 0.000000 2.628920 0.000000 7.901507 0.000000 4.911436 0.000000 0.000000 0.000000 3.784341 0.000000 1.999753 0.000000 0.000000 0.000000 -19.753767 0.000000 -9.876883 0.000000 0.000000 0.000000 -19.753767 0.000000 -9.876883 0.000000 0.000000 0.000000 1.520812 0.000000 0.495459 0.000000 0.000000 0.000000 1.520812 0.000000 0.495459 0.000000 0.000000 0.000000 -24.692209 0.000000 -14.815325 0.000000 0.000000 0.000000 -24.692209 0.000000 -14.815325 0.000000 0.000000 0.000000 -24.692209 0.000000 -14.815325 0.000000 0.000000 0.000000 -24.692209 0.000000 -14.815325 4.938442 0.000000 2.946862 4.938442 0.000000 2.946862 1.520812 0.000000 0.495459 -29.630650 0.000000 -19.753767 -29.630650 0.000000 -19.753767 1.520812 0.000000 0.495459 1.520812 0.000000 0.495459 -14.815325 0.000000 -9.876883 -14.815325 0.000000 -9.876883 -19.753767 0.000000 -14.815325 -19.753767 0.000000 -14.815325
1.018083 0.000000 1.405923 3.267103 0.000000 1.527124 0.000000 2.532984 0.000000 7.825181 0.000000 4.946362 0.000000 0.000000 0.000000 3.703482 0.000000 1.999013 0.000000 0.000000 0.000000 -19.562952 0.000000 -9.781476 0.000000 0.000000 0.000000 -19.562952 0.000000 -9.781476 0.000000 0.000000 0.000000 1.554292 0.000000 0.509041 0.000000 0.000000 0.000000 1.554292 0.000000 0.509041 0.000000 0.000000 0.000000 -24.453690 0.000000 -14.672214 0.000000 0.000000 0.000000 -24.453690 0.000000 -14.672214 0.000000 0.000000 0.000000 -24.453690 0.000000 -14.672214 0.000000 0.000000 0.000000 -24.453690 0.000000 -14.672214 4.890738 0.000000 2.967817 4.890738 0.000000 2.967817 1.554292 0.000000 0.509041 -29.344428 0.000000 -19.562952 -29.344428 0.000000 -19.562952 1.554292 0.000000 0.509041 1.554292 0.000000 0.509041 -14.672214 0.000000 -9.781476 -14.672214 0.000000 -9.781476 -19.562952 0.000000 -14.672214 -19.562952 0.000000 -14.672214
1.044997 0.000000 1.400371 3.345653 0.000000 1.567496 0.000000 2.427051 0.000000 7.727407 0.000000 4.972609 0.000000 0.000000 0.000000 3.610341 0.000000 1.993835 0.000000 0.000000 0.000000 -19.318517 0.000000 -9.659258 0.000000 0.000000 0.000000 -19.318517 0.000000 -9.659258 0.000000 0.000000 0.000000 1.586707 0.000000 0.522499 0.000000 0.000000 0.000000 1.586707 0.000000 0.522499 0.000000 0.000000 0.000000 -24.148146 0.000000 -14.488887 0.000000 0.000000 0.000000 -24.148146 0.000000 -14.488887 0.000000 0.000000 0.000000 -24.148146 0.000000 -14.488887 0.000000 0.000000 0.000000 -24.148146 0.000000 -14.488887 4.829629 0.000000 2.983566 4.829629 0.000000 2.983566 1.586707 0.000000 0.522499 -28.977775 0.000000 -19.318517 -28.977775 0.000000 -19.318517 1.586707 0.000000 0.522499 1.586707 0.000000 0.522499 -14.488887 0.000000 -9.659258 -14.488887 0.000000 -9.659258 -19.318517 0.000000 -14.488887 -19.318517 0.000000 -14.488887
1.071654 0.000000 1.394665 3.422736 0.000000 1.607480 0.000000 2.311540 0.000000 7.608452 0.000000 4.990134 0.000000 0.000000 0.000000 3.505227 0.000000 1.984229 0.000000 0.000000 0.000000 -19.021130 0.000000 -9.510565 0.000000 0.000000 0.000000 -19.021130 0.000000 -9.510565 0.000000 0.000000 0.000000 1.618034 0.000000 0.535827 0.000000 0.000000 0.000000 1.618034 0.000000 0.535827 0.000000 0.000000 0.000000 -23.776413 0.000000 -14.265848 0.000000 0.000000 0.000000 -23.776413 0.000000 -14.265848 0.000000 0.000000 0.000000 -23.776413 0.000000 -14.265848 0.000000 0.000000 0.000000 -23.776413 0.000000 -14.265848 4.755283 0.000000 2.994080 4.755283 0.000000 2.994080 1.618034 0.000000 0.535827 -28.531695 0.000000 -19.021130 -28.531695 0.000000 -19.021130 1.618034 0.000000 0.535827 1.618034 0.000000 0.535827 -14.265848 0.000000 -9.510565 -14.265848 0.000000 -9.510565 -19.021130 0.000000 -14.265848 -19.021130 0.000000 -14.265848
1.098046 0.000000 1.388806 3.498317 0.000000 1.647068 0.000000 2.186906 0.000000 7.468643 0.000000 4.998903 0.000000 0.000000 0.000000 3.388488 0.000000 1.970219 0.000000 0.000000 0.000000 -18.671609 0.000000 -9.335804 0.000000 0.000000 0.000000 -18.671609 0.000000 -9.335804 0.000000 0.000000 0.000000 1.648252 0.000000 0.549023 0.000000 0.000000 0.000000 1.648252 0.000000 0.549023 0.000000 0.000000 0.000000 -23.339511 0.000000 -14.003706 0.000000 0.000000 0.000000 -23.339511 0.000000 -14.003706 0.000000 0.000000 0.000000 -23.339511 0.000000 -14.003706 0.000000 0.000000 0.000000 -23.339511 0.000000 -14.003706 4.667902 0.000000 2.999342 4.667902 0.000000 2.999342 1.648252 0.000000 0.549023 -28.007413 0.000000 -18.671609 -28.007413 0.000000 -18.671609 1.648252 0.000000 0.549023 1.648252 0.000000 0.549023 -14.003706 0.000000 -9.335804 -14.003706 0.000000 -9.335804 -18.671609 0.000000 -14.003706 -18.671609 0.000000 -14.003706
1.124167 0.000000 1.382795 3.572363 0.000000 1.686250 0.000000 2.053641 0.000000 7.308364 0.000000 4.998903 0.000000 0.000000 0.000000 3.260511 0.000000 1.951834 0.000000 0.000000 0.000000 -18.270909 0.000000 -9.135455 0.000000 0.000000 0.000000 -18.270909 0.000000 -9.135455 0.000000 0.000000 0.000000 1.677341 0.000000 0.562083 0.000000 0.000000 0.000000 1.677341 0.000000 0.562083 0.000000 0.000000 0.000000 -22.838636 0.000000 -13.703182 0.000000 0.000000 0.000000 -22.838636 0.000000 -13.703182 0.000000 0.000000 0.000000 -22.838636 0.000000 -13.703182 0.000000 0.000000 0.000000 -22.838636 0.000000 -13.703182 4.567727 0.000000 2.999342 4.567727 0.000000 2.999342 1.677341 0.000000 0.562083 -27.406364 0.000000 -18.270909 -27.406364 0.000000 -18.270909 1.677341 0.000000 0.562083 1.677341 0.000000 0.562083 -13.703182 0.000000 -9.135455 -13.703182 0.000000 -9.135455 -18.270909 0.000000 -13.703182 -18.270909 0.000000 -13.703182
1.150011 0.000000 1.376632 3.644843 0.000000 1.725016 0.000000 1.912272 0.000000 7.128052 0.000000 4.990134 0.000000 0.000000 0.000000 3.121722 0.000000 1.929115 0.000000 0.000000 0.000000 -17.820130 0.000000 -8.910065 0.000000 0.000000 0.000000 -17.820130 0.000000 -8.910065 0.000000 0.000000 0.000000 1.705280 0.000000 0.575005 0.000000 0.000000 0.000000 1.705280 0.000000 0.575005 0.000000 0.000000 0.000000 -22.275163 0.000000 -13.365098 0.000000 0.000000 0.000000 -22.275163 0.000000 -13.365098 0.000000 0.000000 0.000000 -22.275163 0.000000 -13.365098 0.000000 0.000000 0.000000 -22.275163 0.000000 -13.365098 4.455033 0.000000 2.994080 4.455033 0.000000 2.994080 1.705280 0.000000 0.575005 -26.730196 0.000000 -17.820130 -26.730196 0.000000 -17.820130 1.705280 0.000000 0.575005 1.705280 0.000000 0.575005 -13.365098 0.000000 -8.910065 -13.365098 0.000000 -8.910065 -17.820130 0.000000 -13.365098 -17.820130 0.000000 -13.365098
1.175571 0.000000 1.370318 3.715724 0.000000 1.763356 0.000000 1.763356 0.000000 6.928203 0.000000 4.972609 0.000000 0.000000 0.000000 2.972579 0.000000 1.902113 0.000000 0.000000 0.000000 -17.320508 0.000000 -8.660254 0.000000 0.000000 0.000000 -17.320508 0.000000 -8.660254 0.000000 0.000000 0.000000 1.732051 0.000000 0.587785 0.000000 0.000000 0.000000 1.732051 0.000000 0.587785 0.000000 0.000000 0.000000 -21.650635 0.000000 -12.990381 0.000000 0.000000 0.000000 -21.650635 0.000000 -12.990381 0.000000 0.000000 0.000000 -21.650635 0.000000 -12.990381 0.000000 0.000000 0.000000 -21.650635 0.000000 -12.990381 4.330127 0.000000 2.983566 4.330127 0.000000 2.983566 1.732051 0.000000 0.587785 -25.980762 0.000000 -17.320508 -25.980762 0.000000 -17.320508 1.732051 0.000000 0.587785 1.732051 0.000000 0.587785 -12.990381 0.000000 -8.660254 -12.990381 0.000000 -8.660254 -17.320508 0.000000 -12.990381 -17.320508 0.000000 -12.990381
1.200840 0.000000 1.363854 3.784975 0.000000 1.801261 0.000000 1.607480 0.000000 6.709365 0.000000 4.946362 0.000000 0.000000 0.000000 2.813579 0.000000 1.870888 0.000000 0.000000 0.000000 -16.773411 0.000000 -8.386706 0.000000 0.000000 0.000000 -16.773411 0.000000 -8.386706 0.000000 0.000000 0.000000 1.757634 0.000000 0.600420 0.000000 0.000000 0.000000 1.757634 0.000000 0.600420 0.000000 0.000000 0.000000 -20.966764 0.000000 -12.580059 0.000000 0.000000 0.000000 -20.966764 0.000000 -12.580059 0.000000 0.000000 0.000000 -20.966764 0.000000 -12.580059 0.000000 0.000000 0.000000 -20.966764 0.000000 -12.580059 4.193353 0.000000 2.967817 4.193353 0.000000 2.967817 1.757634 0.000000 0.600420 -25.160117 0.000000 -16.773411 -25.160117 0.000000 -16.773411 1.757634 0.000000 0.600420 1.757634 0.000000 0.600420 -12.580059 0.000000 -8.386706 -12.580059 0.000000 -8.386706 -16.773411 0.000000 -12.580059 -16.773411 0.000000 -12.580059
1.225814 0.000000 1.357241 3.852566 0.000000 1.838721 0.000000 1.445261 0.000000 6.472136 0.000000 4.911436 0.000000 0.000000 0.000000 2.645247 0.000000 1.835509 0.000000 0.000000 0.000000 -16.180340 0.000000 -8.090170 0.000000 0.000000 0.000000 -16.180340 0.000000 -8.090170 0.000000 0.000000 0.000000 1.782013 0.000000 0.612907 0.000000 0.000000 0.000000 1.782013 0.000000 0.612907 0.000000 0.000000 0.000000 -20.225425 0.000000 -12.135255 0.000000 0.000000 0.000000 -20.225425 0.000000 -12.135255 0.000000 0.000000 0.000000 -20.225425 0.000000 -12.135255 0.000000 0.000000 0.000000 -20.225425 0.000000 -12.135255 4.045085 0.000000 2.946862 4.045085 0.000000 2.946862 1.782013 0.000000 0.612907 -24.270510 0.000000 -16.180340 -24.270510 0.000000 -16.180340 1.782013 0.000000 0.612907 1.782013 0.000000 0.612907 -12.135255 0.000000 -8.090170 -12.135255 0.000000 -8.090170 -16.180340 0.000000 -12.135255 -16.180340 0.000000 -12.135255
1.250485 0.000000 1.350478 3.918467 0.000000 1.875728 0.000000 1.277338 0.000000 6.217168 0.000000 4.867895 0.000000 0.000000 0.000000 2.468144 0.000000 1.796055 0.000000 0.000000 0.000000 -15.542919 0.000000 -7.771460 0.000000 0.000000 0.000000 -15.542919 0.000000 -7.771460 0.000000 0.000000 0.000000 1.805171 0.000000 0.625243 0.000000 0.000000 0.000000 1.805171 0.000000 0.625243 0.000000 0.000000 0.000000 -19.428649 0.000000 -11.657189 0.000000 0.000000 0.000000 -19.428649 0.000000 -11.657189 0.000000 0.000000 0.000000 -19.428649 0.000000 -11.657189 0.000000 0.000000 0.000000 -19.428649 0.000000 -11.657189 3.885730 0.000000 2.920737 3.885730 0.000000 2.920737 1.805171 0.000000 0.625243 -23.314379 0.000000 -15.542919 -23.314379 0.000000 -15.542919 1.805171 0.000000 0.625243 1.805171 0.000000 0.625243 -11.657189 0.000000 -7.771460 -11.657189 0.000000 -7.771460 -15.542919 0.000000 -11.657189 -15.542919 0.000000 -11.657189
1.274848 0.000000 1.343568 3.982650 0.000000 1.912272 0.000000 1.104374 0.000000 5.945159 0.000000 4.815813 0.000000 0.000000 0.000000 2.282854 0.000000 1.752613 0.000000 0.000000 0.000000 -14.862897 0.000000 -7.431448 0.000000 0.000000 0.000000 -14.862897 0.000000 -7.431448 0.000000 0.000000 0.000000 1.827091 0.000000 0.637424 0.000000 0.000000 0.000000 1.827091 0.000000 0.637424 0.000000 0.000000 0.000000 -18.578621 0.000000 -11.147172 0.000000 0.000000 0.000000 -18.578621 0.000000 -11.147172 0.000000 0.000000 0.000000 -18.578621 0.000000 -11.147172 0.000000 0.000000 0.000000 -18.578621 0.000000 -11.147172 3.715724 0.000000 2.889488 3.715724 0.000000 2.889488 1.827091 0.000000 0.637424 -22.294345 0.000000 -14.862897 -22.294345 0.000000 -14.862897 1.827091 0.000000 0.637424 1.827091 0.000000 0.637424 -11.147172 0.000000 -7.431448 -11.147172 0.000000 -7.431448 -14.862897 0.000000 -11.147172 -14.862897 0.000000 -11.147172
1.298896 0.000000 1.336510 4.045085 0.000000 1.948344 0.000000 0.927051 0.000000 5.656854 0.000000 4.755283 0.000000 0.000000 0.000000 2.089994 0.000000 1.705280 0.000000 0.000000 0.000000 -14.142136 0.000000 -7.071068 0.000000 0.000000 0.000000 -14.142136 0.000000 -7.071068 0.000000 0.000000 0.000000 1.847759 0.000000 0.649448 0.000000 0.000000 0.000000 1.847759 0.000000 0.649448 0.000000 0.000000 0.000000 -17.677670 0.000000 -10.606602 0.000000 0.000000 0.000000 -17.677670 0.000000 -10.606602 0.000000 0.000000 0.000000 -17.677670 0.000000 -10.606602 0.000000 0.000000 0.000000 -17.677670 0.000000 -10.606602 3.535534 0.000000 2.853170 3.535534 0.000000 2.853170 1.847759 0.000000 0.649448 -21.213203 0.000000 -14.142136 -21.213203 0.000000 -14.142136 1.847759 0.000000 0.649448 1.847759 0.000000 0.649448 -10.606602 0.000000 -7.071068 -10.606602 0.000000 -7.071068 -14.142136 0.000000 -10.606602 -14.142136 0.000000 -10.606602
1.322624 0.000000 1.329305 4.105746 0.000000 1.983936 0.000000 0.746070 0.000000 5.353045 0.000000 4.686410 0.000000 0.000000 0.000000 1.890203 0.000000 1.654161 0.000000 0.000000 0.000000 -13.382612 0.000000 -6.691306 0.000000 0.000000 0.000000 -13.382612 0.000000 -6.691306 0.000000 0.000000 0.000000 1.867161 0.000000 0.661312 0.000000 0.000000 0.000000 1.867161 0.000000 0.661312 0.000000 0.000000 0.000000 -16.728265 0.000000 -10.036959 0.000000 0.000000 0.000000 -16.728265 0.000000 -10.036959 0.000000 0.000000 0.000000 -16.728265 0.000000 -10.036959 0.000000 0.000000 0.000000 -16.728265 0.000000 -10.036959 3.345653 0.000000 2.811846 3.345653 0.000000 2.811846 1.867161 0.000000 0.661312 -20.073918 0.000000 -13.382612 -20.073918 0.000000 -13.382612 1.867161 0.000000 0.661312 1.867161 0.000000 0.661312 -10.036959 0.000000 -6.691306 -10.036959 0.000000 -6.691306 -13.382612 0.000000 -10.036959 -13.382612 0.000000 -10.036959
1.346025 0.000000 1.321955 4.164606 0.000000 2.019038 0.000000 0.562144 0.000000 5.034563 0.000000 4.609316 0.000000 0.000000 0.000000 1.684143 0.000000 1.599369 0.000000 0.000000 0.000000 -12.586408 0.000000 -6.293204 0.000000 0.000000 0.000000 -12.586408 0.000000 -6.293204 0.000000 0.000000 0.000000 1.885283 0.000000 0.673013 0.000000 0.000000 0.000000 1.885283 0.000000 0.673013 0.000000 0.000000 0.000000 -15.733010 0.000000 -9.439806 0.000000 0.000000 0.000000 -15.733010 0.000000 -9.439806 0.000000 0.000000 0.000000 -15.733010 0.000000 -9.439806 0.000000 0.000000 0.000000 -15.733010 0.000000 -9.439806 3.146602 0.000000 2.765589 3.146602 0.000000 2.765589 1.885283 0.000000 0.673013 -18.879612 0.000000 -12.586408 -18.879612 0.000000 -12.586408 1.885283 0.000000 0.673013 1.885283 0.000000 0.673013 -9.439806 0.000000 -6.293204 -9.439806 0.000000 -6.293204 -12.586408 0.000000 -9.439806 -12.586408 0.000000 -9.439806
1.369094 0.000000 1.314460 4.221640 0.000000 2.053641 0.000000 0.376000 0.000000 4.702282 0.000000 4.524135 0.000000 0.000000 0.000000 1.472498 0.000000 1.541026 0.000000 0.000000 0.000000 -11.755705 0.000000 -5.877853 0.000000 0.000000 0.000000 -11.755705 0.000000 -5.877853 0.000000 0.000000 0.000000 1.902113 0.000000 0.684547 0.000000 0.000000 0.000000 1.902113 0.000000 0.684547 0.000000 0.000000 0.000000 -14.694631 0.000000 -8.816779 0.000000 0.000000 0.000000 -14.694631 0.000000 -8.816779 0.000000 0.000000 0.000000 -14.694631 0.000000 -8.816779 0.000000 0.000000 0.000000 -14.694631 0.000000 -8.816779 2.938926 0.000000 2.714481 2.938926 0.000000 2.714481 1.902113 0.000000 0.684547 -17.633558 0.000000 -11.755705 -17.633558 0.000000 -11.755705 1.902113 0.000000 0.684547 1.902113 0.000000 0.684547 -8.816779 0.000000 -5.877853 -8.816779 0.000000 -5.877853 -11.755705 0.000000 -8.816779 -11.755705 0.000000 -8.816779
1.391826 0.000000 1.306821 4.276821 0.000000 2.087738 0.000000 0.188372 0.000000 4.357112 0.000000 4.431018 0.000000 0.000000 0.000000 1.255970 0.000000 1.479262 0.000000 0.000000 0.000000 -10.892781 0.000000 -5.446390 0.000000 0.000000 0.000000 -10.892781 0.000000 -5.446390 0.000000 0.000000 0.000000 1.917639 0.000000 0.695913 0.000000 0.000000 0.000000 1.917639 0.000000 0.695913 0.000000 0.000000 0.000000 -13.615976 0.000000 -8.169586 0.000000 0.000000 0.000000 -13.615976 0.000000 -8.169586 0.000000 0.000000 0.000000 -13.615976 0.000000 -8.169586 0.000000 0.000000 0.000000 -13.615976 0.000000 -8.169586 2.723195 0.000000 2.658611 2.723195 0.000000 2.658611 1.917639 0.000000 0.695913 -16.339171 0.000000 -10.892781 -16.339171 0.000000 -10.892781 1.917639 0.000000 0.695913 1.917639 0.000000 0.695913 -8.169586 0.000000 -5.446390 -8.169586 0.000000 -5.446390 -10.892781 0.000000 -8.169586 -10.892781 0.000000 -8.169586
1.414214 0.000000 1.299038 4.330127 0.000000 2.121320 0.000000 0.000000 0.000000 4.000000 0.000000 4.330127 0.000000 0.000000 0.000000 1.035276 0.000000 1.414214 0.000000 0.000000 0.000000 -10.000000 0.000000 -5.000000 0.000000 0.000000 0.000000 -10.000000 0.000000 -5.000000 0.000000 0.000000 0.000000 1.931852 0.000000 0.707107 0.000000 0.000000 0.000000 1.931852 0.000000 0.707107 0.000000 0.000000 0.000000 -12.500000 0.000000 -7.500000 0.000000 0.000000 0.000000 -12.500000 0.000000 -7.500000 0.000000 0.000000 0.000000 -12.500000 0.000000 -7.500000 0.000000 0.000000 0.000000 -12.500000 0.000000 -7.500000 2.500000 0.000000 2.598076 2.500000 0.000000 2.598076 1.931852 0.000000 0.707107 -15.000000 0.000000 -10.000000 -15.000000 0.000000 -10.000000 1.931852 0.000000 0.707107 1.931852 0.000000 0.707107 -7.500000 0.000000 -5.000000 -7.500000 0.000000 -5.000000 -10.000000 0.000000 -7.500000 -10.000000 0.000000 -7.500000
1.436253 0.000000 1.291113 4.381533 0.000000 2.154379 0.000000 -0.188372 0.000000 3.631924 0.000000 4.221640 0.000000 0.000000 0.000000 0.811149 0.000000 1.346025 0.000000 0.000000 0.000000 -9.079810 0.000000 -4.539905 0.000000 0.000000 0.000000 -9.079810 0.000000 -4.539905 0.000000 0.000000 0.000000 1.944740 0.000000 0.718126 0.000000 0.000000 0.000000 1.944740 0.000000 0.718126 0.000000 0.000000 0.000000 -11.349762 0.000000 -6.809857 0.000000 0.000000 0.000000 -11.349762 0.000000 -6.809857 0.000000 0.000000 0.000000 -11.349762 0.000000 -6.809857 0.000000 0.000000 0.000000 -11.349762 0.000000 -6.809857 2.269952 0.000000 2.532984 2.269952 0.000000 2.532984 1.944740 0.000000 0.718126 -13.619715 0.000000 -9.079810 -13.619715 0.000000 -9.079810 1.944740 0.000000 0.718126 1.944740 0.000000 0.718126 -6.809857 0.000000 -4.539905 -6.809857 0.000000 -4.539905 -9.079810 0.000000 -6.809857 -9.079810 0.000000 -6.809857
1.457937 0.000000 1.283046 4.431018 0.000000 2.186906 0.000000 -0.376000 0.000000 3.253893 0.000000 4.105746 0.000000 0.000000 0.000000 0.584332 0.000000 1.274848 0.000000 0.000000 0.000000 -8.134733 0.000000 -4.067366 0.000000 0.000000 0.000000 -8.134733 0.000000 -4.067366 0.000000 0.000000 0.000000 1.956295 0.000000 0.728969 0.000000 0.000000 0.000000 1.956295 0.000000 0.728969 0.000000 0.000000 0.000000 -10.168416 0.000000 -6.101050 0.000000 0.000000 0.000000 -10.168416 0.000000 -6.101050 0.000000 0.000000 0.000000 -10.168416 0.000000 -6.101050 0.000000 0.000000 0.000000 -10.168416 0.000000 -6.101050 2.033683 0.000000 2.463448 2.033683 0.000000 2.463448 1.956295 0.000000 0.728969 -12.202099 0.000000 -8.134733 -12.202099 0.000000 -8.134733 1.956295 0.000000 0.728969 1.956295 0.000000 0.728969 -6.101050 0.000000 -4.067366 -6.101050 0.000000 -4.067366 -8.134733 0.000000 -6.101050 -8.134733 0.000000 -6.101050
1.479262 0.000000 1.274839 4.478559 0.000000 2.218893 0.000000 -0.562144 0.000000 2.866944 0.000000 3.982650 0.000000 0.000000 0.000000 0.355577 0.000000 1.200840 0.000000 0.000000 0.000000 -7.167359 0.000000 -3.583679 0.000000 0.000000 0.000000 -7.167359 0.000000 -3.583679 0.000000 0.000000 0.000000 1.966510 0.000000 0.739631 0.000000 0.000000 0.000000 1.966510 0.000000 0.739631 0.000000 0.000000 0.000000 -8.959199 0.000000 -5.375519 0.000000 0.000000 0.000000 -8.959199 0.000000 -5.375519 0.000000 0.000000 0.000000 -8.959199 0.000000 -5.375519 0.000000 0.000000 0.000000 -8.959199 0.000000 -5.375519 1.791840 0.000000 2.389590 1.791840 0.000000 2.389590 1.966510 0.000000 0.739631 -10.751038 0.000000 -7.167359 -10.751038 0.000000 -7.167359 1.966510 0.000000 0.739631 1.966510 0.000000 0.739631 -5.375519 0.000000 -3.583679 -5.375519 0.000000 -3.583679 -7.167359 0.000000 -5.375519 -7.167359 0.000000 -5.375519
1.500222 0.000000 1.266492 4.524135 0.000000 2.250333 0.000000 -0.746070 0.000000 2.472136 0.000000 3.852566 0.000000 0.000000 0.000000 0.125643 0.000000 1.124167 0.000000 0.000000 0.000000 -6.180340 0.000000 -3.090170 0.000000 0.000000 0.000000 -6.180340 0.000000 -3.090170 0.000000 0.000000 0.000000 1.975377 0.000000 0.750111 0.000000 0.000000 0.000000 1.975377 0.000000 0.750111 0.000000 0.000000 0.000000 -7.725425 0.000000 -4.635255 0.000000 0.000000 0.000000 -7.725425 0.000000 -4.635255 0.000000 0.000000 0.000000 -7.725425 0.000000 -4.635255 0.000000 0.000000 0.000000 -7.725425 0.000000 -4.635255 1.545085 0.000000 2.311540 1.545085 0.000000 2.311540 1.975377 0.000000 0.750111 -9.270510 0.000000 -6.180340 -9.270510 0.000000 -6.180340 1.975377 0.000000 0.750111 1.975377 0.000000 0.750111 -4.635255 0.000000 -3.090170 -4.635255 0.000000 -3.090170 -6.180340 0.000000 -4.635255 -6.180340 0.000000 -4.635255
1.520812 0.000000 1.258006 4.567727 0.000000 2.281218 0.000000 -0.927051 0.000000 2.070552 0.000000 3.715724 0.000000 0.000000 0.000000 -0.104708 0.000000 1.044997 0.000000 0.000000 0.000000 -5.176381 0.000000 -2.588190 0.000000 0.000000 0.000000 -5.176381 0.000000 -2.588190 0.000000 0.000000 0.000000 1.982890 0.000000 0.760406 0.000000 0.000000 0.000000 1.982890 0.000000 0.760406 0.000000 0.000000 0.000000 -6.470476 0.000000 -3.882286 0.000000 0.000000 0.000000 -6.470476 0.000000 -3.882286 0.000000 0.000000 0.000000 -6.470476 0.000000 -3.882286 0.000000 0.000000 0.000000 -6.470476 0.000000 -3.882286 1.294095 0.000000 2.229434 1.294095 0.000000 2.229434 1.982890 0.000000 0.760406 -7.764571 0.000000 -5.176381 -7.764571 0.000000 -5.176381 1.982890 0.000000 0.760406 1.982890 0.000000 0.760406 -3.882286 0.000000 -2.588190 -3.882286 0.000000 -2.588190 -5.176381 0.000000 -3.882286 -5.176381 0.000000 -3.882286
1.541026 0.000000 1.249382 4.609316 0.000000 2.311540 0.000000 -1.104374 0.000000 1.663294 0.000000 3.572363 0.000000 0.000000 0.000000 -0.334711 0.000000 0.963507 0.000000 0.000000 0.000000 -4.158234 0.000000 -2.079117 0.000000 0.000000 0.000000 -4.158234 0.000000 -2.079117 0.000000 0.000000 0.000000 1.989044 0.000000 0.770513 0.000000 0.000000 0.000000 1.989044 0.000000 0.770513 0.000000 0.000000 0.000000 -5.197792 0.000000 -3.118675 0.000000 0.000000 0.000000 -5.197792 0.000000 -3.118675 0.000000 0.000000 0.000000 -5.197792 0.000000 -3.118675 0.000000 0.000000 0.000000 -5.197792 0.000000 -3.118675 1.039558 0.000000 2.143418 1.039558 0.000000 2.143418 1.989044 0.000000 0.770513 -6.237351 0.000000 -4.158234 -6.237351 0.000000 -4.158234 1.989044 0.000000 0.770513 1.989044 0.000000 0.770513 -3.118675 0.000000 -2.079117 -3.118675 0.000000 -2.079117 -4.158234 0.000000 -3.118675 -4.158234 0.000000 -3.118675
1.560861 0.000000 1.240621 4.648882 0.000000 2.341291 0.000000 -1.277338 0.000000 1.251476 0.000000 3.422736 0.000000 0.000000 0.000000 -0.563605 0.000000 0.879878 0.000000 0.000000 0.000000 -3.128689 0.000000 -1.564345 0.000000 0.000000 0.000000 -3.128689 0.000000 -1.564345 0.000000 0.000000 0.000000 1.993835 0.000000 0.780430 0.000000 0.000000 0.000000 1.993835 0.000000 0.780430 0.000000 0.000000 0.000000 -3.910862 0.000000 -2.346517 0.000000 0.000000 0.000000 -3.910862 0.000000 -2.346517 0.000000 0.000000 0.000000 -3.910862 0.000000 -2.346517 0.000000 0.000000 0.000000 -3.910862 0.000000 -2.346517 0.782172 0.000000 2.053641 0.782172 0.000000 2.053641 1.993835 0.000000 0.780430 -4.693034 0.000000 -3.128689 -4.693034 0.000000 -3.128689 1.993835 0.000000 0.780430 1.993835 0.000000 0.780430 -2.346517 0.000000 -1.564345 -2.346517 0.000000 -1.564345 -3.128689 0.000000 -2.346517 -3.128689 0.000000 -2.346517
1.580310 0.000000 1.231724 4.686410 0.000000 2.370465 0.000000 -1.445261 0.000000 0.836228 0.000000 3.267103 0.000000 0.000000 0.000000 -0.790629 0.000000 0.794296 0.000000 0.000000 0.000000 -2.090569 0.000000 -1.045285 0.000000 0.000000 0.000000 -2.090569 0.000000 -1.045285 0.000000 0.000000 0.000000 1.997259 0.000000 0.790155 0.000000 0.000000 0.000000 1.997259 0.000000 0.790155 0.000000 0.000000 0.000000 -2.613212 0.000000 -1.567927 0.000000 0.000000 0.000000 -2.613212 0.000000 -1.567927 0.000000 0.000000 0.000000 -2.613212 0.000000 -1.567927 0.000000 0.000000 0.000000 -2.613212 0.000000 -1.567927 0.522642 0.000000 1.960262 0.522642 0.000000 1.960262 1.997259 0.000000 0.790155 -3.135854 0.000000 -2.090569 -3.135854 0.000000 -2.090569 1.997259 0.000000 0.790155 1.997259 0.000000 0.790155 -1.567927 0.000000 -1.045285 -1.567927 0.000000 -1.045285 -2.090569 0.000000 -1.567927 -2.090569 0.000000 -1.567927
1.599369 0.000000 1.222692 4.721882 0.000000 2.399054 0.000000 -1.607480 0.000000 0.418688 0.000000 3.105739 0.000000 0.000000 0.000000 -1.015032 0.000000 0.706950 0.000000 0.000000 0.000000 -1.046719 0.000000 -0.523360 0.000000 0.000000 0.000000 -1.046719 0.000000 -0.523360 0.000000 0.000000 0.000000 1.999315 0.000000 0.799685 0.000000 0.000000 0.000000 1.999315 0.000000 0.799685 0.000000 0.000000 0.000000 -1.308399 0.000000 -0.785039 0.000000 0.000000 0.000000 -1.308399 0.000000 -0.785039 0.000000 0.000000 0.000000 -1.308399 0.000000 -0.785039 0.000000 0.000000 0.000000 -1.308399 0.000000 -0.785039 0.261680 0.000000 1.863443 0.261680 0.000000 1.863443 1.999315 0.000000 0.799685 -1.570079 0.000000 -1.046719 -1.570079 0.000000 -1.046719 1.999315 0.000000 0.799685 1.999315 0.000000 0.799685 -0.785039 0.000000 -0.523360 -0.785039 0.000000 -0.523360 -1.046719 0.000000 -0.785039 -1.046719 0.000000 -0.785039
1.618034 0.000000 1.213525 4.755283 0.000000 2.427051 0.000000 -1.763356 0.000000 0.000000 0.000000 2.938926 0.000000 0.000000 0.000000 -1.236068 0.000000 0.618034 0.000000 0.000000 0.000000 0.000000 0.000000 0.000000 0.000000 0.000000 0.000000 -0.000000 0.000000 -0.000000 0.000000 0.000000 0.000000 2.000000 0.000000 0.809017 0.000000 0.000000 0.000000 2.000000 0.000000 0.809017 0.000000 0.000000 0.000000 0.000000 0.000000 0.000000 0.000000 0.000000 0.000000 -0.000000 0.000000 -0.000000 0.000000 0.000000 0.000000 0.000000 0.000000 0.000000 0.000000 0.000000 0.000000 -0.000000 0.000000 -0.000000 0.000000 0.000000 1.763356 0.000000 0.000000 1.763356 2.000000 0.000000 0.809017 -0.000000 0.000000 -0.000000 0.000000 0.000000 0.000000 2.000000 0.000000 0.809017 2.000000 0.000000 0.809017 0.000000 0.000000 0.000000 -0.000000 0.000000 -0.000000 0.000000 0.000000 0.000000 -0.000000 0.000000 -0.000000
1.636299 0.000000 1.204226 4.786597 0.000000 2.454449 0.000000 -1.912272 0.000000 -0.418688 0.000000 2.766958 0.000000 0.000000 0.000000 -1.453005 0.000000 0.527746 0.000000 0.000000 0.000000 1.046719 0.000000 0.523360 0.000000 0.000000 0.000000 1.046719 0.000000 0.523360 0.000000 0.000000 0.000000 1.999315 0.000000 0.818150 0.000000 0.000000 0.000000 1.999315 0.000000 0.818150 0.000000 0.000000 0.000000 1.308399 0.000000 0.785039 0.000000 0.000000 0.000000 1.308399 0.000000 0.785039 0.000000 0.000000 0.000000 1.308399 0.000000 0.785039 0.000000 0.000000 0.000000 1.308399 0.000000 0.785039 -0.261680 0.000000 1.660175 -0.261680 0.000000 1.660175 1.999315 0.000000 0.818150 1.570079 0.000000 1.046719 1.570079 0.000000 1.046719 1.999315 0.000000 0.818150 1.999315 0.000000 0.818150 0.785039 0.000000 0.523360 0.785039 0.000000 0.523360 1.046719 0.000000 0.785039 1.046719 0.000000 0.785039
1.654161 0.000000 1.194795 4.815813 0.000000 2.481242 0.000000 -2.053641 0.000000 -0.836228 0.000000 2.590135 0.000000 0.000000 0.000000 -1.665123 0.000000 0.436286 0.000000 0.000000 0.000000 2.090569 0.000000 1.045285 0.000000 0.000000 0.000000 2.090569 0.000000 1.045285 0.000000 0.000000 0.000000 1.997259 0.000000 0.827081 0.000000 0.000000 0.000000 1.997259 0.000000 0.827081 0.000000 0.000000 0.000000 2.613212 0.000000 1.567927 0.000000 0.000000 0.000000 2.613212 0.000000 1.567927 0.000000 0.000000 0.000000 2.613212 0.000000 1.567927 0.000000 0.000000 0.000000 2.613212 0.000000 1.567927 -0.522642 0.000000 1.554081 -0.522642 0.000000 1.554081 1.997259 0.000000 0.827081 3.135854 0.000000 2.090569 3.135854 0.000000 2.090569 1.997259 0.000000 0.827081 1.997259 0.000000 0.827081 1.567927 0.000000 1.045285 1.567927 0.000000 1.045285 2.090569 0.000000 1.567927 2.090569 0.000000 1.567927
1.671615 0.000000 1.185233 4.842916 0.000000 2.507422 0.000000 -2.186906 0.000000 -1.251476 0.000000 2.408768 0.000000 0.000000 0.000000 -1.871719 0.000000 0.343858 0.000000 0.000000 0.000000 3.128689 0.000000 1.564345 0.000000 0.000000 0.000000 3.128689 0.000000 1.564345 0.000000 0.000000 0.000000 1.993835 0.000000 0.835807 0.000000 0.000000 0.000000 1.993835 0.000000 0.835807 0.000000 0.000000 0.000000 3.910862 0.000000 2.346517 0.000000 0.000000 0.000000 3.910862 0.000000 2.346517 0.000000 0.000000 0.000000 3.910862 0.000000 2.346517 0.000000 0.000000 0.000000 3.910862 0.000000 2.346517 -0.782172 0.000000 1.445261 -0.782172 0.000000 1.445261 1.993835 0.000000 0.835807 4.693034 0.000000 3.128689 4.693034 0.000000 3.128689 1.993835 0.000000 0.835807 1.993835 0.000000 0.835807 2.346517 0.000000 1.564345 2.346517 0.000000 1.564345 3.128689 0.000000 2.346517 3.128689 0.000000 2.346517
1.688656 0.000000 1.175540 4.867895 0.000000 2.532984 0.000000 -2.311540 0.000000 -1.663294 0.000000 2.223176 0.000000 0.000000 0.000000 -2.072108 0.000000 0.250666 0.000000 0.000000 0.000000 4.158234 0.000000 2.079117 0.000000 0.000000 0.000000 4.158234 0.000000 2.079117 0.000000 0.000000 0.000000 1.989044 0.000000 0.844328 0.000000 0.000000 0.000000 1.989044 0.000000 0.844328 0.000000 0.000000 0.000000 5.197792 0.000000 3.118675 0.000000 0.000000 0.000000 5.197792 0.000000 3.118675 0.000000 0.000000 0.000000 5.197792 0.000000 3.118675 0.000000 0.000000 0.000000 5.197792 0.000000 3.118675 -1.039558 0.000000 1.333906 -1.039558 0.000000 1.333906 1.989044 0.000000 0.844328 6.237351 0.000000 4.158234 6.237351 0.000000 4.158234 1.989044 0.000000 0.844328 1.989044 0.000000 0.844328 3.118675 0.000000 2.079117 3.118675 0.000000 2.079117 4.158234 0.000000 3.118675 4.158234 0.000000 3.118675
1.705280 0.000000 1.165719 4.890738 0.000000 2.557920 0.000000 -2.427051 0.000000 -2.070552 0.000000 2.033683 0.000000 0.000000 0.000000 -2.265625 0.000000 0.156918 0.000000 0.000000 0.000000 5.176381 0.000000 2.588190 0.000000 0.000000 0.000000 5.176381 0.000000 2.588190 0.000000 0.000000 0.000000 1.982890 0.000000 0.852640 0.000000 0.000000 0.000000 1.982890 0.000000 0.852640 0.000000 0.000000 0.000000 6.470476 0.000000 3.882286 0.000000 0.000000 0.000000 6.470476 0.000000 3.882286 0.000000 0.000000 0.000000 6.470476 0.000000 3.882286 0.000000 0.000000 0.000000 6.470476 0.000000 3.882286 -1.294095 0.000000 1.220210 -1.294095 0.000000 1.220210 1.982890 0.000000 0.852640 7.764571 0.000000 5.176381 7.764571 0.000000 5.176381 1.982890 0.000000 0.852640 1.982890 0.000000 0.852640 3.882286 0.000000 2.588190 3.882286 0.000000 2.588190 5.176381 0.000000 3.882286 5.176381 0.000000 3.882286
1.721484 0.000000 1.155770 4.911436 0.000000 2.582226 0.000000 -2.532984 0.000000 -2.472136 0.000000 1.840623 0.000000 0.000000 0.000000 -2.451628 0.000000 0.062822 0.000000 0.000000 0.000000 6.180340 0.000000 3.090170 0.000000 0.000000 0.000000 6.180340 0.000000 3.090170 0.000000 0.000000 0.000000 1.975377 0.000000 0.860742 0.000000 0.000000 0.000000 1.975377 0.000000 0.860742 0.000000 0.000000 0.000000 7.725425 0.000000 4.635255 0.000000 0.000000 0.000000 7.725425 0.000000 4.635255 0.000000 0.000000 0.000000 7.725425 0.000000 4.635255 0.000000 0.000000 0.000000 7.725425 0.000000 4.635255 -1.545085 0.000000 1.104374 -1.545085 0.000000 1.104374 1.975377 0.000000 0.860742 9.270510 0.000000 6.180340 9.270510 0.000000 6.180340 1.975377 0.000000 0.860742 1.975377 0.000000 0.860742 4.635255 0.000000 3.090170 4.635255 0.000000 3.090170 6.180340 0.000000 4.635255 6.180340 0.000000 4.635255
1.737263 0.000000 1.145694 4.929980 0.000000 2.605895 0.000000 -2.628920 0.000000 -2.866944 0.000000 1.644333 0.000000 0.000000 0.000000 -2.629501 0.000000 -0.031415 0.000000 0.000000 0.000000 7.167359 0.000000 3.583679 0.000000 0.000000 0.000000 7.167359 0.000000 3.583679 0.000000 0.000000 0.000000 1.966510 0.000000 0.868632 0.000000 0.000000 0.000000 1.966510 0.000000 0.868632 0.000000 0.000000 0.000000 8.959199 0.000000 5.375519 0.000000 0.000000 0.000000 8.959199 0.000000 5.375519 0.000000 0.000000 0.000000 8.959199 0.000000 5.375519 0.000000 0.000000 0.000000 8.959199 0.000000 5.375519 -1.791840 0.000000 0.986600 -1.791840 0.000000 0.986600 1.966510 0.000000 0.868632 10.751038 0.000000 7.167359 10.751038 0.000000 7.167359 1.966510 0.000000 0.868632 1.966510 0.000000 0.868632 5.375519 0.000000 3.583679 5.375519 0.000000 3.583679 7.167359 0.000000 5.375519 7.167359 0.000000 5.375519
1.752613 0.000000 1.135493 4.946362 0.000000 2.628920 0.000000 -2.714481 0.000000 -3.253893 0.000000 1.445159 0.000000 0.000000 0.000000 -2.798653 0.000000 -0.125581 0.000000 0.000000 0.000000 8.134733 0.000000 4.067366 0.000000 0.000000 0.000000 8.134733 0.000000 4.067366 0.000000 0.000000 0.000000 1.956295 0.000000 0.876307 0.000000 0.000000 0.000000 1.956295 0.000000 0.876307 0.000000 0.000000 0.000000 10.168416 0.000000 6.101050 0.000000 0.000000 0.000000 10.168416 0.000000 6.101050 0.000000 0.000000 0.000000 10.168416 0.000000 6.101050 0.000000 0.000000 0.000000 10.168416 0.000000 6.101050 -2.033683 0.000000 0.867095 -2.033683 0.000000 0.867095 1.956295 0.000000 0.876307 12.202099 0.000000 8.134733 12.202099 0.000000 8.134733 1.956295 0.000000 0.876307 1.956295 0.000000 0.876307 6.101050 0.000000 4.067366 6.101050 0.000000 4.067366 8.134733 0.000000 6.101050 8.134733 0.000000 6.101050
1.767531 0.000000 1.125167 4.960574 0.000000 2.651297 0.000000 -2.789329 0.000000 -3.631924 0.000000 1.243449 0.000000 0.000000 0.000000 -2.958524 0.000000 -0.219469 0.000000 0.000000 0.000000 9.079810 0.000000 4.539905 0.000000 0.000000 0.000000 9.079810 0.000000 4.539905 0.000000 0.000000 0.000000 1.944740 0.000000 0.883766 0.000000 0.000000 0.000000 1.944740 0.000000 0.883766 0.000000 0.000000 0.000000 11.349762 0.000000 6.809857 0.000000 0.000000 0.000000 11.349762 0.000000 6.809857 0.000000 0.000000 0.000000 11.349762 0.000000 6.809857 0.000000 0.000000 0.000000 11.349762 0.000000 6.809857 -2.269952 0.000000 0.746070 -2.269952 0.000000 0.746070 1.944740 0.000000 0.883766 13.619715 0.000000 9.079810 13.619715 0.000000 9.079810 1.944740 0.000000 0.883766 1.944740 0.000000 0.883766 6.809857 0.000000 4.539905 6.809857 0.000000 4.539905 9.079810 0.000000 6.809857 9.079810 0.000000 6.809857
1.782013 0.000000 1.114717 4.972609 0.000000 2.673020 0.000000 -2.853170 0.000000 -4.000000 0.000000 1.039558 0.000000 0.000000 0.000000 -3.108584 0.000000 -0.312869 0.000000 0.000000 0.000000 10.000000 0.000000 5.000000 0.000000 0.000000 0.000000 10.000000 0.000000 5.000000 0.000000 0.000000 0.000000 1.931852 0.000000 0.891007 0.000000 0.000000 0.000000 1.931852 0.000000 0.891007 0.000000 0.000000 0.000000 12.500000 0.000000 7.500000 0.000000 0.000000 0.000000 12.500000 0.000000 7.500000 0.000000 0.000000 0.000000 12.500000 0.000000 7.500000 0.000000 0.000000 0.000000 12.500000 0.000000 7.500000 -2.500000 0.000000 0.623735 -2.500000 0.000000 0.623735 1.931852 0.000000 0.891007 15.000000 0.000000 10.000000 15.000000 0.000000 10.000000 1.931852 0.000000 0.891007 1.931852 0.000000 0.891007 7.500000 0.000000 5.000000 7.500000 0.000000 5.000000 10.000000 0.000000 7.500000 10.000000 0.000000 7.500000
1.796055 0.000000 1.104146 4.982464 0.000000 2.694083 0.000000 -2.905749 0.000000 -4.357112 0.000000 0.833844 0.000000 0.000000 0.000000 -3.248334 0.000000 -0.405575 0.000000 0.000000 0.000000 10.892781 0.000000 5.446390 0.000000 0.000000 0.000000 10.892781 0.000000 5.446390 0.000000 0.000000 0.000000 1.917639 0.000000 0.898028 0.000000 0.000000 0.000000 1.917639 0.000000 0.898028 0.000000 0.000000 0.000000 13.615976 0.000000 8.169586 0.000000 0.000000 0.000000 13.615976 0.000000 8.169586 0.000000 0.000000 0.000000 13.615976 0.000000 8.169586 0.000000 0.000000 0.000000 13.615976 0.000000 8.169586 -2.723195 0.000000 0.500306 -2.723195 0.000000 0.500306 1.917639 0.000000 0.898028 16.339171 0.000000 10.892781 16.339171 0.000000 10.892781 1.917639 0.000000 0.898028 1.917639 0.000000 0.898028 8.169586 0.000000 5.446390 8.169586 0.000000 5.446390 10.892781 0.000000 8.169586 10.892781 0.000000 8.169586
1.809654 0.000000 1.093453 4.990134 0.000000 2.714481 0.000000 -2.946862 0.000000 -4.702282 0.000000 0.626666 0.000000 0.000000 0.000000 -3.377312 0.000000 -0.497380 0.000000 0.000000 0.000000 11.755705 0.000000 5.877853 0.000000 0.000000 0.000000 11.755705 0.000000 5.877853 0.000000 0.000000 0.000000 1.902113 0.000000 0.904827 0.000000 0.000000 0.000000 1.902113 0.000000 0.904827 0.000000 0.000000 0.000000 14.694631 0.000000 8.816779 0.000000 0.000000 0.000000 14.694631 0.000000 8.816779 0.000000 0.000000 0.000000 14.694631 0.000000 8.816779 0.000000 0.000000 0.000000 14.694631 0.000000 8.816779 -2.938926 0.000000 0.376000 -2.938926 0.000000 0.376000 1.902113 0.000000 0.904827 17.633558 0.000000 11.755705 17.633558 0.000000 11.755705 1.902113 0.000000 0.904827 1.902113 0.000000 0.904827 8.816779 0.000000 5.877853 8.816779 0.000000 5.877853 11.755705 0.000000 8.816779 11.755705 0.000000 8.816779
1.822807 0.000000 1.082640 4.995614 0.000000 2.734210 0.000000 -2.976344 0.000000 -5.034563 0.000000 0.418389 0.000000 0.000000 0.000000 -3.495089 0.000000 -0.588081 0.000000 0.000000 0.000000 12.586408 0.000000 6.293204 0.000000 0.000000 0.000000 12.586408 0.000000 6.293204 0.000000 0.000000 0.000000 1.885283 0.000000 0.911403 0.000000 0.000000 0.000000 1.885283 0.000000 0.911403 0.000000 0.000000 0.000000 15.733010 0.000000 9.439806 0.000000 0.000000 0.000000 15.733010 0.000000 9.439806 0.000000 0.000000 0.000000 15.733010 0.000000 9.439806 0.000000 0.000000 0.000000 15.733010 0.000000 9.439806 -3.146602 0.000000 0.251034 -3.146602 0.000000 0.251034 1.885283 0.000000 0.911403 18.879612 0.000000 12.586408 18.879612 0.000000 12.586408 1.885283 0.000000 0.911403 1.885283 0.000000 0.911403 9.439806 0.000000 6.293204 9.439806 0.000000 6.293204 12.586408 0.000000 9.439806 12.586408 0.000000 9.439806
1.835509 0.000000 1.071709 4.998903 0.000000 2.753264 0.000000 -2.994080 0.000000 -5.353045 0.000000 0.209378 0.000000 0.000000 0.000000 -3.601275 0.000000 -0.677476 0.000000 0.000000 0.000000 13.382612 0.000000 6.691306 0.000000 0.000000 0.000000 13.382612 0.000000 6.691306 0.000000 0.000000 0.000000 1.867161 0.000000 0.917755 0.000000 0.000000 0.000000 1.867161 0.000000 0.917755 0.000000 0.000000 0.000000 16.728265 0.000000 10.036959 0.000000 0.000000 0.000000 16.728265 0.000000 10.036959 0.000000 0.000000 0.000000 16.728265 0.000000 10.036959 0.000000 0.000000 0.000000 16.728265 0.000000 10.036959 -3.345653 0.000000 0.125627 -3.345653 0.000000 0.125627 1.867161 0.000000 0.917755 20.073918 0.000000 13.382612 20.073918 0.000000 13.382612 1.867161 0.000000 0.917755 1.867161 0.000000 0.917755 10.036959 0.000000 6.691306 10.036959 0.000000 6.691306 13.382612 0.000000 10.036959 13.382612 0.000000 10.036959
1.847759 0.000000 1.060660 5.000000 0.000000 2.771639 0.000000 -3.000000 0.000000 -5.656854 0.000000 0.000000 0.000000 0.000000 0.000000 -3.695518 0.000000 -0.765367 0.000000 0.000000 0.000000 14.142136 0.000000 7.071068 0.000000 0.000000 0.000000 14.142136 0.000000 7.071068 0.000000 0.000000 0.000000 1.847759 0.000000 0.923880 0.000000 0.000000 0.000000 1.847759 0.000000 0.923880 0.000000 0.000000 0.000000 17.677670 0.000000 10.606602 0.000000 0.000000 0.000000 17.677670 0.000000 10.606602 0.000000 0.000000 0.000000 17.677670 0.000000 10.606602 0.000000 0.000000 0.000000 17.677670 0.000000 10.606602 -3.535534 0.000000 0.000000 -3.535534 0.000000 0.000000 1.847759 0.000000 0.923880 21.213203 0.000000 14.142136 21.213203 0.000000 14.142136 1.847759 0.000000 0.923880 1.847759 0.000000 0.923880 10.606602 0.000000 7.071068 10.606602 0.000000 7.071068 14.142136 0.000000 10.606602 14.142136 0.000000 10.606602
1.859553 0.000000 1.049495 4.998903 0.000000 2.789329 0.000000 -2.994080 0.000000 -5.945159 0.000000 -0.209378 0.000000 0.000000 0.000000 -3.777505 0.000000 -0.851559 0.000000 0.000000 0.000000 14.862897 0.000000 7.431448 0.000000 0.000000 0.000000 14.862897 0.000000 7.431448 0.000000 0.000000 0.000000 1.827091 0.000000 0.929776 0.000000 0.000000 0.000000 1.827091 0.000000 0.929776 0.000000 0.000000 0.000000 18.578621 0.000000 11.147172 0.000000 0.000000 0.000000 18.578621 0.000000 11.147172 0.000000 0.000000 0.000000 18.578621 0.000000 11.147172 0.000000 0.000000 0.000000 18.578621 0.000000 11.147172 -3.715724 0.000000 -0.125627 -3.715724 0.000000 -0.125627 1.827091 0.000000 0.929776 22.294345 0.000000 14.862897 22.294345 0.000000 14.862897 1.827091 0.000000 0.929776 1.827091 0.000000 0.929776 11.147172 0.000000 7.431448 11.147172 0.000000 7.431448 14.862897 0.000000 11.147172 14.862897 0.000000 11.147172
1.870888 0.000000 1.038215 4.995614 0.000000 2.806332 0.000000 -2.976344 0.000000 -6.217168 0.000000 -0.418389 0.000000 0.000000 0.000000 -3.846965 0.000000 -0.935860 0.000000 0.000000 0.000000 15.542919 0.000000 7.771460 0.000000 0.000000 0.000000 15.542919 0.000000 7.771460 0.000000 0.000000 0.000000 1.805171 0.000000 0.935444 0.000000 0.000000 0.000000 1.805171 0.000000 0.935444 0.000000 0.000000 0.000000 19.428649 0.000000 11.657189 0.000000 0.000000 0.000000 19.428649 0.000000 11.657189 0.000000 0.000000 0.000000 19.428649 0.000000 11.657189 0.000000 0.000000 0.000000 19.428649 0.000000 11.657189 -3.885730 0.000000 -0.251034 -3.885730 0.000000 -0.251034 1.805171 0.000000 0.935444 23.314379 0.000000 15.542919 23.314379 0.000000 15.542919 1.805171 0.000000 0.935444 1.805171 0.000000 0.935444 11.657189 0.000000 7.771460 11.657189 0.000000 7.771460 15.542919 0.000000 11.657189 15.542919 0.000000 11.657189
1.881762 0.000000 1.026821 4.990134 0.000000 2.822642 0.000000 -2.946862 0.000000 -6.472136 0.000000 -0.626666 0.000000 0.000000 0.000000 -3.903667 0.000000 -1.018083 0.000000 0.000000 0.000000 16.180340 0.000000 8.090170 0.000000 0.000000 0.000000 16.180340 0.000000 8.090170 0.000000 0.000000 0.000000 1.782013 0.000000 0.940881 0.000000 0.000000 0.000000 1.782013 0.000000 0.940881 0.000000 0.000000 0.000000 20.225425 0.000000 12.135255 0.000000 0.000000 0.000000 20.225425 0.000000 12.135255 0.000000 0.000000 0.000000 20.225425 0.000000 12.135255 0.000000 0.000000 0.000000 20.225425 0.000000 12.135255 -4.045085 0.000000 -0.376000 -4.045085 0.000000 -0.376000 1.782013 0.000000 0.940881 24.270510 0.000000 16.180340 24.270510 0.000000 16.180340 1.782013 0.000000 0.940881 1.782013 0.000000 0.940881 12.135255 0.000000 8.090170 12.135255 0.000000 8.090170 16.180340 0.000000 12.135255 16.180340 0.000000 12.135255
1.892171 0.000000 1.015314 4.982464 0.000000 2.838256 0.000000 -2.905749 0.000000 -6.709365 0.000000 -0.833844 0.000000 0.000000 0.000000 -3.947423 0.000000 -1.098046 0.000000 0.000000 0.000000 16.773411 0.000000 8.386706 0.000000 0.000000 0.000000 16.773411 0.000000 8.386706 0.000000 0.000000 0.000000 1.757634 0.000000 0.946085 0.000000 0.000000 0.000000 1.757634 0.000000 0.946085 0.000000 0.000000 0.000000 20.966764 0.000000 12.580059 0.000000 0.000000 0.000000 20.966764 0.000000 12.580059 0.000000 0.000000 0.000000 20.966764 0.000000 12.580059 0.000000 0.000000 0.000000 20.966764 0.000000 12.580059 -4.193353 0.000000 -0.500306 -4.193353 0.000000 -0.500306 1.757634 0.000000 0.946085 25.160117 0.000000 16.773411 25.160117 0.000000 16.773411 1.757634 0.000000 0.946085 1.757634 0.000000 0.946085 12.580059 0.000000 8.386706 12.580059 0.000000 8.386706 16.773411 0.000000 12.580059 16.773411 0.000000 12.580059
1.902113 0.000000 1.003696 4.972609 0.000000 2.853170 0.000000 -2.853170 0.000000 -6.928203 0.000000 -1.039558 0.000000 0.000000 0.000000 -3.978088 0.000000 -1.175571 0.000000 0.000000 0.000000 17.320508 0.000000 8.660254 0.000000 0.000000 0.000000 17.320508 0.000000 8.660254 0.000000 0.000000 0.000000 1.732051 0.000000 0.951057 0.000000 0.000000 0.000000 1.732051 0.000000 0.951057 0.000000 0.000000 0.000000 21.650635 0.000000 12.990381 0.000000 0.000000 0.000000 21.650635 0.000000 12.990381 0.000000 0.000000 0.000000 21.650635 0.000000 12.990381 0.000000 0.000000 0.000000 21.650635 0.000000 12.990381 -4.330127 0.000000 -0.623735 -4.330127 0.000000 -0.623735 1.732051 0.000000 0.951057 25.980762 0.000000 17.320508 25.980762 0.000000 17.320508 1.732051 0.000000 0.951057 1.732051 0.000000 0.951057 12.990381 0.000000 8.660254 12.990381 0.000000 8.660254 17.320508 0.000000 12.990381 17.320508 0.000000 12.990381
1.911586 0.000000 0.991968 4.960574 0.000000 2.867379 0.000000 -2.789329 0.000000 -7.128052 0.000000 -1.243449 0.000000 0.000000 0.000000 -3.995559 0.000000 -1.250485 0.000000 0.000000 0.000000 17.820130 0.000000 8.910065 0.000000 0.000000 0.000000 17.820130 0.000000 8.910065 0.000000 0.000000 0.000000 1.705280 0.000000 0.955793 0.000000 0.000000 0.000000 1.705280 0.000000 0.955793 0.000000 0.000000 0.000000 22.275163 0.000000 13.365098 0.000000 0.000000 0.000000 22.275163 0.000000 13.365098 0.000000 0.000000 0.000000 22.275163 0.000000 13.365098 0.000000 0.000000 0.000000 22.275163 0.000000 13.365098 -4.455033 0.000000 -0.746070 -4.455033 0.000000 -0.746070 1.705280 0.000000 0.955793 26.730196 0.000000 17.820130 26.730196 0.000000 17.820130 1.705280 0.000000 0.955793 1.705280 0.000000 0.955793 13.365098 0.000000 8.910065 13.365098 0.000000 8.910065 17.820130 0.000000 13.365098 17.820130 0.000000 13.365098
1.920587 0.000000 0.980131 4.946362 0.000000 2.880881 0.000000 -2.714481 0.000000 -7.308364 0.000000 -1.445159 0.000000 0.000000 0.000000 -3.999781 0.000000 -1.322624 0.000000 0.000000 0.000000 18.270909 0.000000 9.135455 0.000000 0.000000 0.000000 18.270909 0.000000 9.135455 0.000000 0.000000 0.000000 1.677341 0.000000 0.960294 0.000000 0.000000 0.000000 1.677341 0.000000 0.960294 0.000000 0.000000 0.000000 22.838636 0.000000 13.703182 0.000000 0.000000 0.000000 22.838636 0.000000 13.703182 0.000000 0.000000 0.000000 22.838636 0.000000 13.703182 0.000000 0.000000 0.000000 22.838636 0.000000 13.703182 -4.567727 0.000000 -0.867095 -4.567727 0.000000 -0.867095 1.677341 0.000000 0.960294 27.406364 0.000000 18.270909 27.406364 0.000000 18.270909 1.677341 0.000000 0.960294 1.677341 0.000000 0.960294 13.703182 0.000000 9.135455 13.703182 0.000000 9.135455 18.270909 0.000000 13.703182 18.270909 0.000000 13.703182
1.929115 0.000000 0.968187 4.929980 0.000000 2.893672 0.000000 -2.628920 0.000000 -7.468643 0.000000 -1.644333 0.000000 0.000000 0.000000 -3.990737 0.000000 -1.391826 0.000000 0.000000 0.000000 18.671609 0.000000 9.335804 0.000000 0.000000 0.000000 18.671609 0.000000 9.335804 0.000000 0.000000 0.000000 1.648252 0.000000 0.964557 0.000000 0.000000 0.000000 1.648252 0.000000 0.964557 0.000000 0.000000 0.000000 23.339511 0.000000 14.003706 0.000000 0.000000 0.000000 23.339511 0.000000 14.003706 0.000000 0.000000 0.000000 23.339511 0.000000 14.003706 0.000000 0.000000 0.000000 23.339511 0.000000 14.003706 -4.667902 0.000000 -0.986600 -4.667902 0.000000 -0.986600 1.648252 0.000000 0.964557 28.007413 0.000000 18.671609 28.007413 0.000000 18.671609 1.648252 0.000000 0.964557 1.648252 0.000000 0.964557 14.003706 0.000000 9.335804 14.003706 0.000000 9.335804 18.671609 0.000000 14.003706 18.671609 0.000000 14.003706
1.937166 0.000000 0.956136 4.911436 0.000000 2.905749 0.000000 -2.532984 0.000000 -7.608452 0.000000 -1.840623 0.000000 0.000000 0.000000 -3.968459 0.000000 -1.457937 0.000000 0.000000 0.000000 19.021130 0.000000 9.510565 0.000000 0.000000 0.000000 19.021130 0.000000 9.510565 0.000000 0.000000 0.000000 1.618034 0.000000 0.968583 0.000000 0.000000 0.000000 1.618034 0.000000 0.968583 0.000000 0.000000 0.000000 23.776413 0.000000 14.265848 0.000000 0.000000 0.000000 23.776413 0.000000 14.265848 0.000000 0.000000 0.000000 23.776413 0.000000 14.265848 0.000000 0.000000 0.000000 23.776413 0.000000 14.265848 -4.755283 0.000000 -1.104374 -4.755283 0.000000 -1.104374 1.618034 0.000000 0.968583 28.531695 0.000000 19.021130 28.531695 0.000000 19.021130 1.618034 0.000000 0.968583 1.618034 0.000000 0.968583 14.265848 0.000000 9.510565 14.265848 0.000000 9.510565 19.021130 0.000000 14.265848 19.021130 0.000000 14.265848
1.944740 0.000000 0.943981 4.890738 0.000000 2.917110 0.000000 -2.427051 0.000000 -7.727407 0.000000 -2.033683 0.000000 0.000000 0.000000 -3.933020 0.000000 -1.520812 0.000000 0.000000 0.000000 19.318517 0.000000 9.659258 0.000000 0.000000 0.000000 19.318517 0.000000 9.659258 0.000000 0.000000 0.000000 1.586707 0.000000 0.972370 0.000000 0.000000 0.000000 1.586707 0.000000 0.972370 0.000000 0.000000 0.000000 24.148146 0.000000 14.488887 0.000000 0.000000 0.000000 24.148146 0.000000 14.488887 0.000000 0.000000 0.000000 24.148146 0.000000 14.488887 0.000000 0.000000 0.000000 24.148146 0.000000 14.488887 -4.829629 0.000000 -1.220210 -4.829629 0.000000 -1.220210 1.586707 0.000000 0.972370 28.977775 0.000000 19.318517 28.977775 0.000000 19.318517 1.586707 0.000000 0.972370 1.586707 0.000000 0.972370 14.488887 0.000000 9.659258 14.488887 0.000000 9.659258 19.318517 0.000000 14.488887 19.318517 0.000000 14.488887
1.951834 0.000000 0.931722 4.867895 0.000000 2.927750 0.000000 -2.311540 0.000000 -7.825181 0.000000 -2.223176 0.000000 0.000000 0.000000 -3.884537 0.000000 -1.580310 0.000000 0.000000 0.000000 19.562952 0.000000 9.781476 0.000000 0.000000 0.000000 19.562952 0.000000 9.781476 0.000000 0.000000 0.000000 1.554292 0.000000 0.975917 0.000000 0.000000 0.000000 1.554292 0.000000 0.975917 0.000000 0.000000 0.000000 24.453690 0.000000 14.672214 0.000000 0.000000 0.000000 24.453690 0.000000 14.672214 0.000000 0.000000 0.000000 24.453690 0.000000 14.672214 0.000000 0.000000 0.000000 24.453690 0.000000 14.672214 -4.890738 0.000000 -1.333906 -4.890738 0.000000 -1.333906 1.554292 0.000000 0.975917 29.344428 0.000000 19.562952 29.344428 0.000000 19.562952 1.554292 0.000000 0.975917 1.554292 0.000000 0.975917 14.672214 0.000000 9.781476 14.672214 0.000000 9.781476 19.562952 0.000000 14.672214 19.562952 0.000000 14.672214
1.958446 0.000000 0.919361 4.842916 0.000000 2.937668 0.000000 -2.186906 0.000000 -7.901507 0.000000 -2.408768 0.000000 0.000000 0.000000 -3.823172 0.000000 -1.636299 0.000000 0.000000 0.000000 19.753767 0.000000 9.876883 0.000000 0.000000 0.000000 19.753767 0.000000 9.876883 0.000000 0.000000 0.000000 1.520812 0.000000 0.979223 0.000000 0.000000 0.000000 1.520812 0.000000 0.979223 0.000000 0.000000 0.000000 24.692209 0.000000 14.815325 0.000000 0.000000 0.000000 24.692209 0.000000 14.815325 0.000000 0.000000 0.000000 24.692209 0.000000 14.815325 0.000000 0.000000 0.000000 24.692209 0.000000 14.815325 -4.938442 0.000000 -1.445261 -4.938442 0.000000 -1.445261 1.520812 0.000000 0.979223 29.630650 0.000000 19.753767 29.630650 0.000000 19.753767 1.520812 0.000000 0.979223 1.520812 0.000000 0.979223 14.815325 0.000000 9.876883 14.815325 0.000000 9.876883 19.753767 0.000000 14.815325 19.753767 0.000000 14.815325
1.964575 0.000000 0.906899 4.815813 0.000000 2.946862 0.000000 -2.053641 0.000000 -7.956175 0.000000 -2.590135 0.000000 0.000000 0.000000 -3.749128 0.000000 -1.688656 0.000000 0.000000 0.000000 19.890438 0.000000 9.945219 0.000000 0.000000 0.000000 19.890438 0.000000 9.945219 0.000000 0.000000 0.000000 1.486290 0.000000 0.982287 0.000000 0.000000 0.000000 1.486290 0.000000 0.982287 0.000000 0.000000 0.000000 24.863047 0.000000 14.917828 0.000000 0.000000 0.000000 24.863047 0.000000 14.917828 0.000000 0.000000 0.000000 24.863047 0.000000 14.917828 0.000000 0.000000 0.000000 24.863047 0.000000 14.917828 -4.972609 0.000000 -1.554081 -4.972609 0.000000 -1.554081 1.486290 0.000000 0.982287 29.835657 0.000000 19.890438 29.835657 0.000000 19.890438 1.486290 0.000000 0.982287 1.486290 0.000000 0.982287 14.917828 0.000000 9.945219 14.917828 0.000000 9.945219 19.890438 0.000000 14.917828 19.890438 0.000000 14.917828
1.970219 0.000000 0.894337 4.786597 0.000000 2.955328 0.000000 -1.912272 0.000000 -7.989036 0.000000 -2.766958 0.000000 0.000000 0.000000 -3.662650 0.000000 -1.737263 0.000000 0.000000 0.000000 19.972591 0.000000 9.986295 0.000000 0.000000 0.000000 19.972591 0.000000 9.986295 0.000000 0.000000 0.000000 1.450749 0.000000 0.985109 0.000000 0.000000 0.000000 1.450749 0.000000 0.985109 0.000000 0.000000 0.000000 24.965738 0.000000 14.979443 0.000000 0.000000 0.000000 24.965738 0.000000 14.979443 0.000000 0.000000 0.000000 24.965738 0.000000 14.979443 0.000000 0.000000 0.000000 24.965738 0.000000 14.979443 -4.993148 0.000000 -1.660175 -4.993148 0.000000 -1.660175 1.450749 0.000000 0.985109 29.958886 0.000000 19.972591 29.958886 0.000000 19.972591 1.450749 0.000000 0.985109 1.450749 0.000000 0.985109 14.979443 0.000000 9.986295 14.979443 0.000000 9.986295 19.972591 0.000000 14.979443 19.972591 0.000000 14.979443
1.975377 0.000000 0.881678 4.755283 0.000000 2.963065 0.000000 -1.763356 0.000000 -8.000000 0.000000 -2.938926 0.000000 0.000000 0.000000 -3.564026 0.000000 -1.782013 0.000000 0.000000 0.000000 20.000000 0.000000 10.000000 0.000000 0.000000 0.000000 20.000000 0.000000 10.000000 0.000000 0.000000 0.000000 1.414214 0.000000 0.987688 0.000000 0.000000 0.000000 1.414214 0.000000 0.987688 0.000000 0.000000 0.000000 25.000000 0.000000 15.000000 0.000000 0.000000 0.000000 25.000000 0.000000 15.000000 0.000000 0.000000 0.000000 25.000000 0.000000 15.000000 0.000000 0.000000 0.000000 25.000000 0.000000 15.000000 -5.000000 0.000000 -1.763356 -5.000000 0.000000 -1.763356 1.414214 0.000000 0.987688 30.000000 0.000000 20.000000 30.000000 0.000000 20.000000 1.414214 0.000000 0.987688 1.414214 0.000000 0.987688 15.000000 0.000000 10.000000 15.000000 0.000000 10.000000 20.000000 0.000000 15.000000 20.000000 0.000000 15.000000
1.980047 0.000000 0.868922 4.721882 0.000000 2.970071 0.000000 -1.607480 0.000000 -7.989036 0.000000 -3.105739 0.000000 0.000000 0.000000 -3.453582 0.000000 -1.822807 0.000000 0.000000 0.000000 19.972591 0.000000 9.986295 0.000000 0.000000 0.000000 19.972591 0.000000 9.986295 0.000000 0.000000 0.000000 1.376709 0.000000 0.990024 0.000000 0.000000 0.000000 1.376709 0.000000 0.990024 0.000000 0.000000 0.000000 24.965738 0.000000 14.979443 0.000000 0.000000 0.000000 24.965738 0.000000 14.979443 0.000000 0.000000 0.000000 24.965738 0.000000 14.979443 0.000000 0.000000 0.000000 24.965738 0.000000 14.979443 -4.993148 0.000000 -1.863443 -4.993148 0.000000 -1.863443 1.376709 0.000000 0.990024 29.958886 0.000000 19.972591 29.958886 0.000000 19.972591 1.376709 0.000000 0.990024 1.376709 0.000000 0.990024 14.979443 0.000000 9.986295 14.979443 0.000000 9.986295 19.972591 0.000000 14.979443 19.972591 0.000000 14.979443
1.984229 0.000000 0.856070 4.686410 0.000000 2.976344 0.000000 -1.445261 0.000000 -7.956175 0.000000 -3.267103 0.000000 0.000000 0.000000 -3.331685 0.000000 -1.859553 0.000000 0.000000 0.000000 19.890438 0.000000 9.945219 0.000000 0.000000 0.000000 19.890438 0.000000 9.945219 0.000000 0.000000 0.000000 1.338261 0.000000 0.992115 0.000000 0.000000 0.000000 1.338261 0.000000 0.992115 0.000000 0.000000 0.000000 24.863047 0.000000 14.917828 0.000000 0.000000 0.000000 24.863047 0.000000 14.917828 0.000000 0.000000 0.000000 24.863047 0.000000 14.917828 0.000000 0.000000 0.000000 24.863047 0.000000 14.917828 -4.972609 0.000000 -1.960262 -4.972609 0.000000 -1.960262 1.338261 0.000000 0.992115 29.835657 0.000000 19.890438 29.835657 0.000000 19.890438 1.338261 0.000000 0.992115 1.338261 0.000000 0.992115 14.917828 0.000000 9.945219 14.917828 0.000000 9.945219 19.890438 0.000000 14.917828 19.890438 0.000000 14.917828
1.987922 0.000000 0.843125 4.648882 0.000000 2.981883 0.000000 -1.277338 0.000000 -7.901507 0.000000 -3.422736 0.000000 0.000000 0.000000 -3.198739 0.000000 -1.892171 0.000000 0.000000 0.000000 19.753767 0.000000 9.876883 0.000000 0.000000 0.000000 19.753767 0.000000 9.876883 0.000000 0.000000 0.000000 1.298896 0.000000 0.993961 0.000000 0.000000 0.000000 1.298896 0.000000 0.993961 0.000000 0.000000 0.000000 24.692209 0.000000 14.815325 0.000000 0.000000 0.000000 24.692209 0.000000 14.815325 0.000000 0.000000 0.000000 24.692209 0.000000 14.815325 0.000000 0.000000 0.000000 24.692209 0.000000 14.815325 -4.938442 0.000000 -2.053641 -4.938442 0.000000 -2.053641 1.298896 0.000000 0.993961 29.630650 0.000000 19.753767 29.630650 0.000000 19.753767 1.298896 0.000000 0.993961 1.298896 0.000000 0.993961 14.815325 0.000000 9.876883 14.815325 0.000000 9.876883 19.753767 0.000000 14.815325 19.753767 0.000000 14.815325
1.991124 0.000000 0.830087 4.609316 0.000000 2.986686 0.000000 -1.104374 0.000000 -7.825181 0.000000 -3.572363 0.000000 0.000000 0.000000 -3.055184 0.000000 -1.920587 0.000000 0.000000 0.000000 19.562952 0.000000 9.781476 0.000000 0.000000 0.000000 19.562952 0.000000 9.781476 0.000000 0.000000 0.000000 1.258641 0.000000 0.995562 0.000000 0.000000 0.000000 1.258641 0.000000 0.995562 0.000000 0.000000 0.000000 24.453690 0.000000 14.672214 0.000000 0.000000 0.000000 24.453690 0.000000 14.672214 0.000000 0.000000 0.000000 24.453690 0.000000 14.672214 0.000000 0.000000 0.000000 24.453690 0.000000 14.672214 -4.890738 0.000000 -2.143418 -4.890738 0.000000 -2.143418 1.258641 0.000000 0.995562 29.344428 0.000000 19.562952 29.344428 0.000000 19.562952 1.258641 0.000000 0.995562 1.258641 0.000000 0.995562 14.672214 0.000000 9.781476 14.672214 0.000000 9.781476 19.562952 0.000000 14.672214 19.562952 0.000000 14.672214
1.993835 0.000000 0.816959 4.567727 0.000000 2.990752 0.000000 -0.927051 0.000000 -7.727407 0.000000 -3.715724 0.000000 0.000000 0.000000 -2.901497 0.000000 -1.944740 0.000000 0.000000 0.000000 19.318517 0.000000 9.659258 0.000000 0.000000 0.000000 19.318517 0.000000 9.659258 0.000000 0.000000 0.000000 1.217523 0.000000 0.996917 0.000000 0.000000 0.000000 1.217523 0.000000 0.996917 0.000000 0.000000 0.000000 24.148146 0.000000 14.488887 0.000000 0.000000 0.000000 24.148146 0.000000 14.488887 0.000000 0.000000 0.000000 24.148146 0.000000 14.488887 0.000000 0.000000 0.000000 24.148146 0.000000 14.488887 -4.829629 0.000000 -2.229434 -4.829629 0.000000 -2.229434 1.217523 0.000000 0.996917 28.977775 0.000000 19.318517 28.977775 0.000000 19.318517 1.217523 0.000000 0.996917 1.217523 0.000000 0.996917 14.488887 0.000000 9.659258 14.488887 0.000000 9.659258 19.318517 0.000000 14.488887 19.318517 0.000000 14.488887
1.996053 0.000000 0.803740 4.524135 0.000000 2.994080 0.000000 -0.746070 0.000000 -7.608452 0.000000 -3.852566 0.000000 0.000000 0.000000 -2.738188 0.000000 -1.964575 0.000000 0.000000 0.000000 19.021130 0.000000 9.510565 0.000000 0.000000 0.000000 19.021130 0.000000 9.510565 0.000000 0.000000 0.000000 1.175571 0.000000 0.998027 0.000000 0.000000 0.000000 1.175571 0.000000 0.998027 0.000000 0.000000 0.000000 23.776413 0.000000 14.265848 0.000000 0.000000 0.000000 23.776413 0.000000 14.265848 0.000000 0.000000 0.000000 23.776413 0.000000 14.265848 0.000000 0.000000 0.000000 23.776413 0.000000 14.265848 -4.755283 0.000000 -2.311540 -4.755283 0.000000 -2.311540 1.175571 0.000000 0.998027 28.531695 0.000000 19.021130 28.531695 0.000000 19.021130 1.175571 0.000000 0.998027 1.175571 0.000000 0.998027 14.265848 0.000000 9.510565 14.265848 0.000000 9.510565 19.021130 0.000000 14.265848 19.021130 0.000000 14.265848
1.997780 0.000000 0.790434 4.478559 0.000000 2.996670 0.000000 -0.562144 0.000000 -7.468643 0.000000 -3.982650 0.000000 0.000000 0.000000 -2.565799 0.000000 -1.980047 0.000000 0.000000 0.000000 18.671609 0.000000 9.335804 0.000000 0.000000 0.000000 18.671609 0.000000 9.335804 0.000000 0.000000 0.000000 1.132812 0.000000 0.998890 0.000000 0.000000 0.000000 1.132812 0.000000 0.998890 0.000000 0.000000 0.000000 23.339511 0.000000 14.003706 0.000000 0.000000 0.000000 23.339511 0.000000 14.003706 0.000000 0.000000 0.000000 23.339511 0.000000 14.003706 0.000000 0.000000 0.000000 23.339511 0.000000 14.003706 -4.667902 0.000000 -2.389590 -4.667902 0.000000 -2.389590 1.132812 0.000000 0.998890 28.007413 0.000000 18.671609 28.007413 0.000000 18.671609 1.132812 0.000000 0.998890 1.132812 0.000000 0.998890 14.003706 0.000000 9.335804 14.003706 0.000000 9.335804 18.671609 0.000000 14.003706 18.671609 0.000000 14.003706
1.999013 0.000000 0.777041 4.431018 0.000000 2.998520 0.000000 -0.376000 0.000000 -7.308364 0.000000 -4.105746 0.000000 0.000000 0.000000 -2.384899 0.000000 -1.991124 0.000000 0.000000 0.000000 18.270909 0.000000 9.135455 0.000000 0.000000 0.000000 18.270909 0.000000 9.135455 0.000000 0.000000 0.000000 1.089278 0.000000 0.999507 0.000000 0.000000 0.000000 1.089278 0.000000 0.999507 0.000000 0.000000 0.000000 22.838636 0.000000 13.703182 0.000000 0.000000 0.000000 22.838636 0.000000 13.703182 0.000000 0.000000 0.000000 22.838636 0.000000 13.703182 0.000000 0.000000 0.000000 22.838636 0.000000 13.703182 -4.567727 0.000000 -2.463448 -4.567727 0.000000 -2.463448 1.089278 0.000000 0.999507 27.406364 0.000000 18.270909 27.406364 0.000000 18.270909 1.089278 0.000000 0.999507 1.089278 0.000000 0.999507 13.703182 0.000000 9.135455 13.703182 0.000000 9.135455 18.270909 0.000000 13.703182 18.270909 0.000000 13.703182
1.999753 0.000000 0.763562 4.381533 0.000000 2.999630 0.000000 -0.188372 0.000000 -7.128052 0.000000 -4.221640 0.000000 0.000000 0.000000 -2.196091 0.000000 -1.997780 0.000000 0.000000 0.000000 17.820130 0.000000 8.910065 0.000000 0.000000 0.000000 17.820130 0.000000 8.910065 0.000000 0.000000 0.000000 1.044997 0.000000 0.999877 0.000000 0.000000 0.000000 1.044997 0.000000 0.999877 0.000000 0.000000 0.000000 22.275163 0.000000 13.365098 0.000000 0.000000 0.000000 22.275163 0.000000 13.365098 0.000000 0.000000 0.000000 22.275163 0.000000 13.365098 0.000000 0.000000 0.000000 22.275163 0.000000 13.365098 -4.455033 0.000000 -2.532984 -4.455033 0.000000 -2.532984 1.044997 0.000000 0.999877 26.730196 0.000000 17.820130 26.730196 0.000000 17.820130 1.044997 0.000000 0.999877 1.044997 0.000000 0.999877 13.365098 0.000000 8.910065 13.365098 0.000000 8.910065 17.820130 0.000000 13.365098 17.820130 0.000000 13.365098
2.000000 0.000000 0.750000 4.330127 0.000000 3.000000 0.000000 -0.000000 0.000000 -6.928203 0.000000 -4.330127 0.000000 0.000000 0.000000 -2.000000 0.000000 -2.000000 0.000000 0.000000 0.000000 17.320508 0.000000 8.660254 0.000000 0.000000 0.000000 17.320508 0.000000 8.660254 0.000000 0.000000 0.000000 1.000000 0.000000 1.000000 0.000000 0.000000 0.000000 1.000000 0.000000 1.000000 0.000000 0.000000 0.000000 21.650635 0.000000 12.990381 0.000000 0.000000 0.000000 21.650635 0.000000 12.990381 0.000000 0.000000 0.000000 21.650635 0.000000 12.990381 0.000000 0.000000 0.000000 21.650635 0.000000 12.990381 -4.330127 0.000000 -2.598076 -4.330127 0.000000 -2.598076 1.000000 0.000000 1.000000 25.980762 0.000000 17.320508 25.980762 0.000000 17.320508 1.000000 0.000000 1.000000 1.000000 0.000000 1.000000 12.990381 0.000000 8.660254 12.990381 0.000000 8.660254 17.320508 0.000000 12.990381 17.320508 0.000000 12.990381
1.999753 0.000000 0.736356 4.276821 0.000000 2.999630 0.000000 0.188372 0.000000 -6.709365 0.000000 -4.431018 0.000000 0.000000 0.000000 -1.797276 0.000000 -1.997780 0.000000 0.000000 0.000000 16.773411 0.000000 8.386706 0.000000 0.000000 0.000000 16.773411 0.000000 8.386706 0.000000 0.000000 0.000000 0.954318 0.000000 0.999877 0.000000 0.000000 0.000000 0.954318 0.000000 0.999877 0.000000 0.000000 0.000000 20.966764 0.000000 12.580059 0.000000 0.000000 0.000000 20.966764 0.000000 12.580059 0.000000 0.000000 0.000000 20.966764 0.000000 12.580059 0.000000 0.000000 0.000000 20.966764 0.000000 12.580059 -4.193353 0.000000 -2.658611 -4.193353 0.000000 -2.658611 0.954318 0.000000 0.999877 25.160117 0.000000 16.773411 25.160117 0.000000 16.773411 0.954318 0.000000 0.999877 0.954318 0.000000 0.999877 12.580059 0.000000 8.386706 12.580059 0.000000 8.386706 16.773411 0.000000 12.580059 16.773411 0.000000 12.580059
1.999013 0.000000 0.722631 4.221640 0.000000 2.998520 0.000000 0.376000 0.000000 -6.472136 0.000000 -4.524135 0.000000 0.000000 0.000000 -1.588592 0.000000 -1.991124 0.000000 0.000000 0.000000 16.180340 0.000000 8.090170 0.000000 0.000000 0.000000 16.180340 0.000000 8.090170 0.000000 0.000000 0.000000 0.907981 0.000000 0.999507 0.000000 0.000000 0.000000 0.907981 0.000000 0.999507 0.000000 0.000000 0.000000 20.225425 0.000000 12.135255 0.000000 0.000000 0.000000 20.225425 0.000000 12.135255 0.000000 0.000000 0.000000 20.225425 0.000000 12.135255 0.000000 0.000000 0.000000 20.225425 0.000000 12.135255 -4.045085 0.000000 -2.714481 -4.045085 0.000000 -2.714481 0.907981 0.000000 0.999507 24.270510 0.000000 16.180340 24.270510 0.000000 16.180340 0.907981 0.000000 0.999507 0.907981 0.000000 0.999507 12.135255 0.000000 8.090170 12.135255 0.000000 8.090170 16.180340 0.000000 12.135255 16.180340 0.000000 12.135255
1.997780 0.000000 0.708826 4.164606 0.000000 2.996670 0.000000 0.562144 0.000000 -6.217168 0.000000 -4.609316 0.000000 0.000000 0.000000 -1.374639 0.000000 -1.980047 0.000000 0.000000 0.000000 15.542919 0.000000 7.771460 0.000000 0.000000 0.000000 15.542919 0.000000 7.771460 0.000000 0.000000 0.000000 0.861022 0.000000 0.998890 0.000000 0.000000 0.000000 0.861022 0.000000 0.998890 0.000000 0.000000 0.000000 19.428649 0.000000 11.657189 0.000000 0.000000 0.000000 19.428649 0.000000 11.657189 0.000000 0.000000 0.000000 19.428649 0.000000 11.657189 0.000000 0.000000 0.000000 19.428649 0.000000 11.657189 -3.885730 0.000000 -2.765589 -3.885730 0.000000 -2.765589 0.861022 0.000000 0.998890 23.314379 0.000000 15.542919 23.314379 0.000000 15.542919 0.861022 0.000000 0.998890 0.861022 0.000000 0.998890 11.657189 0.000000 7.771460 11.657189 0.000000 7.771460 15.542919 0.000000 11.657189 15.542919 0.000000 11.657189
1.996053 0.000000 0.694944 4.105746 0.000000 2.994080 0.000000 0.746070 0.000000 -5.945159 0.000000 -4.686410 0.000000 0.000000 0.000000 -1.156127 0.000000 -1.964575 0.000000 0.000000 0.000000 14.862897 0.000000 7.431448 0.000000 0.000000 0.000000 14.862897 0.000000 7.431448 0.000000 0.000000 0.000000 0.813473 0.000000 0.998027 0.000000 0.000000 0.000000 0.813473 0.000000 0.998027 0.000000 0.000000 0.000000 18.578621 0.000000 11.147172 0.000000 0.000000 0.000000 18.578621 0.000000 11.147172 0.000000 0.000000 0.000000 18.578621 0.000000 11.147172 0.000000 0.000000 0.000000 18.578621 0.000000 11.147172 -3.715724 0.000000 -2.811846 -3.715724 0.000000 -2.811846 0.813473 0.000000 0.998027 22.294345 0.000000 14.862897 22.294345 0.000000 14.862897 0.813473 0.000000 0.998027 0.813473 0.000000 0.998027 11.147172 0.000000 7.431448 11.147172 0.000000 7.431448 14.862897 0.000000 11.147172 14.862897 0.000000 11.147172
1.993835 0.000000 0.680986 4.045085 0.000000 2.990752 0.000000 0.927051 0.000000 -5.656854 0.000000 -4.755283 0.000000 0.000000 0.000000 -0.933781 0.000000 -1.944740 0.000000 0.000000 0.000000 14.142136 0.000000 7.071068 0.000000 0.000000 0.000000 14.142136 0.000000 7.071068 0.000000 0.000000 0.000000 0.765367 0.000000 0.996917 0.000000 0.000000 0.000000 0.765367 0.000000 0.996917 0.000000 0.000000 0.000000 17.677670 0.000000 10.606602 0.000000 0.000000 0.000000 17.677670 0.000000 10.606602 0.000000 0.000000 0.000000 17.677670 0.000000 10.606602 0.000000 0.000000 0.000000 17.677670 0.000000 10.606602 -3.535534 0.000000 -2.853170 -3.535534 0.000000 -2.853170 0.765367 0.000000 0.996917 21.213203 0.000000 14.142136 21.213203 0.000000 14.142136 0.765367 0.000000 0.996917 0.765367 0.000000 0.996917 10.606602 0.000000 7.071068 10.606602 0.000000 7.071068 14.142136 0.000000 10.606602 14.142136 0.000000 10.606602
1.991124 0.000000 0.666953 3.982650 0.000000 2.986686 0.000000 1.104374 0.000000 -5.353045 0.000000 -4.815813 0.000000 0.000000 0.000000 -0.708339 0.000000 -1.920587 0.000000 0.000000 0.000000 13.382612 0.000000 6.691306 0.000000 0.000000 0.000000 13.382612 0.000000 6.691306 0.000000 0.000000 0.000000 0.716736 0.000000 0.995562 0.000000 0.000000 0.000000 0.716736 0.000000 0.995562 0.000000 0.000000 0.000000 16.728265 0.000000 10.036959 0.000000 0.000000 0.000000 16.728265 0.000000 10.036959 0.000000 0.000000 0.000000 16.728265 0.000000 10.036959 0.000000 0.000000 0.000000 16.728265 0.000000 10.036959 -3.345653 0.000000 -2.889488 -3.345653 0.000000 -2.889488 0.716736 0.000000 0.995562 20.073918 0.000000 13.382612 20.073918 0.000000 13.382612 0.716736 0.000000 0.995562 0.716736 0.000000 0.995562 10.036959 0.000000 6.691306 10.036959 0.000000 6.691306 13.382612 0.000000 10.036959 13.382612 0.000000 10.036959
1.987922 0.000000 0.652847 3.918467 0.000000 2.981883 0.000000 1.277338 0.000000 -5.034563 0.000000 -4.867895 0.000000 0.000000 0.000000 -0.480547 0.000000 -1.892171 0.000000 0.000000 0.000000 12.586408 0.000000 6.293204 0.000000 0.000000 0.000000 12.586408 0.000000 6.293204 0.000000 0.000000 0.000000 0.667614 0.000000 0.993961 0.000000 0.000000 0.000000 0.667614 0.000000 0.993961 0.000000 0.000000 0.000000 15.733010 0.000000 9.439806 0.000000 0.000000 0.000000 15.733010 0.000000 9.439806 0.000000 0.000000 0.000000 15.733010 0.000000 9.439806 0.000000 0.000000 0.000000 15.733010 0.000000 9.439806 -3.146602 0.000000 -2.920737 -3.146602 0.000000 -2.920737 0.667614 0.000000 0.993961 18.879612 0.000000 12.586408 18.879612 0.000000 12.586408 0.667614 0.000000 0.993961 0.667614 0.000000 0.993961 9.439806 0.000000 6.293204 9.439806 0.000000 6.293204 12.586408 0.000000 9.439806 12.586408 0.000000 9.439806
1.984229 0.000000 0.638669 3.852566 0.000000 2.976344 0.000000 1.445261 0.000000 -4.702282 0.000000 -4.911436 0.000000 0.000000 0.000000 -0.251162 0.000000 -1.859553 0.000000 0.000000 0.000000 11.755705 0.000000 5.877853 0.000000 0.000000 0.000000 11.755705 0.000000 5.877853 0.000000 0.000000 0.000000 0.618034 0.000000 0.992115 0.000000 0.000000 0.000000 0.618034 0.000000 0.992115 0.000000 0.000000 0.000000 14.694631 0.000000 8.816779 0.000000 0.000000 0.000000 14.694631 0.000000 8.816779 0.000000 0.000000 0.000000 14.694631 0.000000 8.816779 0.000000 0.000000 0.000000 14.694631 0.000000 8.816779 -2.938926 0.000000 -2.946862 -2.938926 0.000000 -2.946862 0.618034 0.000000 0.992115 17.633558 0.000000 11.755705 17.633558 0.000000 11.755705 0.618034 0.000000 0.992115 0.618034 0.000000 0.992115 8.816779 0.000000 5.877853 8.816779 0.000000 5.877853 11.755705 0.000000 8.816779 11.755705 0.000000 8.816779
1.980047 0.000000 0.624421 3.784975 0.000000 2.970071 0.000000 1.607480 0.000000 -4.357112 0.000000 -4.946362 0.000000 0.000000 0.000000 -0.020944 0.000000 -1.822807 0.000000 0.000000 0.000000 10.892781 0.000000 5.446390 0.000000 0.000000 0.000000 10.892781 0.000000 5.446390 0.000000 0.000000 0.000000 0.568031 0.000000 0.990024 0.000000 0.000000 0.000000 0.568031 0.000000 0.990024 0.000000 0.000000 0.000000 13.615976 0.000000 8.169586 0.000000 0.000000 0.000000 13.615976 0.000000 8.169586 0.000000 0.000000 0.000000 13.615976 0.000000 8.169586 0.000000 0.000000 0.000000 13.615976 0.000000 8.169586 -2.723195 0.000000 -2.967817 -2.723195 0.000000 -2.967817 0.568031 0.000000 0.990024 16.339171 0.000000 10.892781 16.339171 0.000000 10.892781 0.568031 0.000000 0.990024 0.568031 0.000000 0.990024 8.169586 0.000000 5.446390 8.169586 0.000000 5.446390 10.892781 0.000000 8.169586 10.892781 0.000000 8.169586
1.975377 0.000000 0.610105 3.715724 0.000000 2.963065 0.000000 1.763356 0.000000 -4.000000 0.000000 -4.972609 0.000000 0.000000 0.000000 0.209344 0.000000 -1.782013 0.000000 0.000000 0.000000 10.000000 0.000000 5.000000 0.000000 0.000000 0.000000 10.000000 0.000000 5.000000 0.000000 0.000000 0.000000 0.517638 0.000000 0.987688 0.000000 0.000000 0.000000 0.517638 0.000000 0.987688 0.000000 0.000000 0.000000 12.500000 0.000000 7.500000 0.000000 0.000000 0.000000 12.500000 0.000000 7.500000 0.000000 0.000000 0.000000 12.500000 0.000000 7.500000 0.000000 0.000000 0.000000 12.500000 0.000000 7.500000 -2.500000 0.000000 -2.983566 -2.500000 0.000000 -2.983566 0.517638 0.000000 0.987688 15.000000 0.000000 10.000000 15.000000 0.000000 10.000000 0.517638 0.000000 0.987688 0.517638 0.000000 0.987688 7.500000 0.000000 5.000000 7.500000 0.000000 5.000000 10.000000 0.000000 7.500000 10.000000 0.000000 7.500000
1.970219 0.000000 0.595722 3.644843 0.000000 2.955328 0.000000 1.912272 0.000000 -3.631924 0.000000 -4.990134 0.000000 0.000000 0.000000 0.438937 0.000000 -1.737263 0.000000 0.000000 0.000000 9.079810 0.000000 4.539905 0.000000 0.000000 0.000000 9.079810 0.000000 4.539905 0.000000 0.000000 0.000000 0.466891 0.000000 0.985109 0.000000 0.000000 0.000000 0.466891 0.000000 0.985109 0.000000 0.000000 0.000000 11.349762 0.000000 6.809857 0.000000 0.000000 0.000000 11.349762 0.000000 6.809857 0.000000 0.000000 0.000000 11.349762 0.000000 6.809857 0.000000 0.000000 0.000000 11.349762 0.000000 6.809857 -2.269952 0.000000 -2.994080 -2.269952 0.000000 -2.994080 0.466891 0.000000 0.985109 13.619715 0.000000 9.079810 13.619715 0.000000 9.079810 0.466891 0.000000 0.985109 0.466891 0.000000 0.985109 6.809857 0.000000 4.539905 6.809857 0.000000 4.539905 9.079810 0.000000 6.809857 9.079810 0.000000 6.809857
1.964575 0.000000 0.581273 3.572363 0.000000 2.946862 0.000000 2.053641 0.000000 -3.253893 0.000000 -4.998903 0.000000 0.000000 0.000000 0.667075 0.000000 -1.688656 0.000000 0.000000 0.000000 8.134733 0.000000 4.067366 0.000000 0.000000 0.000000 8.134733 0.000000 4.067366 0.000000 0.000000 0.000000 0.415823 0.000000 0.982287 0.000000 0.000000 0.000000 0.415823 0.000000 0.982287 0.000000 0.000000 0.000000 10.168416 0.000000 6.101050 0.000000 0.000000 0.000000 10.168416 0.000000 6.101050 0.000000 0.000000 0.000000 10.168416 0.000000 6.101050 0.000000 0.000000 0.000000 10.168416 0.000000 6.101050 -2.033683 0.000000 -2.999342 -2.033683 0.000000 -2.999342 0.415823 0.000000 0.982287 12.202099 0.000000 8.134733 12.202099 0.000000 8.134733 0.415823 0.000000 0.982287 0.415823 0.000000 0.982287 6.101050 0.000000 4.067366 6.101050 0.000000 4.067366 8.134733 0.000000 6.101050 8.134733 0.000000 6.101050
1.958446 0.000000 0.566761 3.498317 0.000000 2.937668 0.000000 2.186906 0.000000 -2.866944 0.000000 -4.998903 0.000000 0.000000 0.000000 0.893000 0.000000 -1.636299 0.000000 0.000000 0.000000 7.167359 0.000000 3.583679 0.000000 0.000000 0.000000 7.167359 0.000000 3.583679 0.000000 0.000000 0.000000 0.364471 0.000000 0.979223 0.000000 0.000000 0.000000 0.364471 0.000000 0.979223 0.000000 0.000000 0.000000 8.959199 0.000000 5.375519 0.000000 0.000000 0.000000 8.959199 0.000000 5.375519 0.000000 0.000000 0.000000 8.959199 0.000000 5.375519 0.000000 0.000000 0.000000 8.959199 0.000000 5.375519 -1.791840 0.000000 -2.999342 -1.791840 0.000000 -2.999342 0.364471 0.000000 0.979223 10.751038 0.000000 7.167359 10.751038 0.000000 7.167359 0.364471 0.000000 0.979223 0.364471 0.000000 0.979223 5.375519 0.000000 3.583679 5.375519 0.000000 3.583679 7.167359 0.000000 5.375519 7.167359 0.000000 5.375519
1.951834 0.000000 0.552187 3.422736 0.000000 2.927750 0.000000 2.311540 0.000000 -2.472136 0.000000 -4.990134 0.000000 0.000000 0.000000 1.115964 0.000000 -1.580310 0.000000 0.000000 0.000000 6.180340 0.000000 3.090170 0.000000 0.000000 0.000000 6.180340 0.000000 3.090170 0.000000 0.000000 0.000000 0.312869 0.000000 0.975917 0.000000 0.000000 0.000000 0.312869 0.000000 0.975917 0.000000 0.000000 0.000000 7.725425 0.000000 4.635255 0.000000 0.000000 0.000000 7.725425 0.000000 4.635255 0.000000 0.000000 0.000000 7.725425 0.000000 4.635255 0.000000 0.000000 0.000000 7.725425 0.000000 4.635255 -1.545085 0.000000 -2.994080 -1.545085 0.000000 -2.994080 0.312869 0.000000 0.975917 9.270510 0.000000 6.180340 9.270510 0.000000 6.180340 0.312869 0.000000 0.975917 0.312869 0.000000 0.975917 4.635255 0.000000 3.090170 4.635255 0.000000 3.090170 6.180340 0.000000 4.635255 6.180340 0.000000 4.635255
1.944740 0.000000 0.537552 3.345653 0.000000 2.917110 0.000000 2.427051 0.000000 -2.070552 0.000000 -4.972609 0.000000 0.000000 0.000000 1.335227 0.000000 -1.520812 0.000000 0.000000 0.000000 5.176381 0.000000 2.588190 0.000000 0.000000 0.000000 5.176381 0.000000 2.588190 0.000000 0.000000 0.000000 0.261052 0.000000 0.972370 0.000000 0.000000 0.000000 0.261052 0.000000 0.972370 0.000000 0.000000 0.000000 6.470476 0.000000 3.882286 0.000000 0.000000 0.000000 6.470476 0.000000 3.882286 0.000000 0.000000 0.000000 6.470476 0.000000 3.882286 0.000000 0.000000 0.000000 6.470476 0.000000 3.882286 -1.294095 0.000000 -2.983566 -1.294095 0.000000 -2.983566 0.261052 0.000000 0.972370 7.764571 0.000000 5.176381 7.764571 0.000000 5.176381 0.261052 0.000000 0.972370 0.261052 0.000000 0.972370 3.882286 0.000000 2.588190 3.882286 0.000000 2.588190 5.176381 0.000000 3.882286 5.176381 0.000000 3.882286
1.937166 0.000000 0.522858 3.267103 0.000000 2.905749 0.000000 2.532984 0.000000 -1.663294 0.000000 -4.946362 0.000000 0.000000 0.000000 1.550062 0.000000 -1.457937 0.000000 0.000000 0.000000 4.158234 0.000000 2.079117 0.000000 0.000000 0.000000 4.158234 0.000000 2.079117 0.000000 0.000000 0.000000 0.209057 0.000000 0.968583 0.000000 0.000000 0.000000 0.209057 0.000000 0.968583 0.000000 0.000000 0.000000 5.197792 0.000000 3.118675 0.000000 0.000000 0.000000 5.197792 0.000000 3.118675 0.000000 0.000000 0.000000 5.197792 0.000000 3.118675 0.000000 0.000000 0.000000 5.197792 0.000000 3.118675 -1.039558 0.000000 -2.967817 -1.039558 0.000000 -2.967817 0.209057 0.000000 0.968583 6.237351 0.000000 4.158234 6.237351 0.000000 4.158234 0.209057 0.000000 0.968583 0.209057 0.000000 0.968583 3.118675 0.000000 2.079117 3.118675 0.000000 2.079117 4.158234 0.000000 3.118675 4.158234 0.000000 3.118675
1.929115 0.000000 0.508107 3.187120 0.000000 2.893672 0.000000 2.628920 0.000000 -1.251476 0.000000 -4.911436 0.000000 0.000000 0.000000 1.759757 0.000000 -1.391826 0.000000 0.000000 0.000000 3.128689 0.000000 1.564345 0.000000 0.000000 0.000000 3.128689 0.000000 1.564345 0.000000 0.000000 0.000000 0.156918 0.000000 0.964557 0.000000 0.000000 0.000000 0.156918 0.000000 0.964557 0.000000 0.000000 0.000000 3.910862 0.000000 2.346517 0.000000 0.000000 0.000000 3.910862 0.000000 2.346517 0.000000 0.000000 0.000000 3.910862 0.000000 2.346517 0.000000 0.000000 0.000000 3.910862 0.000000 2.346517 -0.782172 0.000000 -2.946862 -0.782172 0.000000 -2.946862 0.156918 0.000000 0.964557 4.693034 0.000000 3.128689 4.693034 0.000000 3.128689 0.156918 0.000000 0.964557 0.156918 0.000000 0.964557 2.346517 0.000000 1.564345 2.346517 0.000000 1.564345 3.128689 0.000000 2.346517 3.128689 0.000000 2.346517
1.920587 0.000000 0.493300 3.105739 0.000000 2.880881 0.000000 2.714481 0.000000 -0.836228 0.000000 -4.867895 0.000000 0.000000 0.000000 1.963615 0.000000 -1.322624 0.000000 0.000000 0.000000 2.090569 0.000000 1.045285 0.000000 0.000000 0.000000 2.090569 0.000000 1.045285 0.000000 0.000000 0.000000 0.104672 0.000000 0.960294 0.000000 0.000000 0.000000 0.104672 0.000000 0.960294 0.000000 0.000000 0.000000 2.613212 0.000000 1.567927 0.000000 0.000000 0.000000 2.613212 0.000000 1.567927 0.000000 0.000000 0.000000 2.613212 0.000000 1.567927 0.000000 0.000000 0.000000 2.613212 0.000000 1.567927 -0.522642 0.000000 -2.920737 -0.522642 0.000000 -2.920737 0.104672 0.000000 0.960294 3.135854 0.000000 2.090569 3.135854 0.000000 2.090569 0.104672 0.000000 0.960294 0.104672 0.000000 0.960294 1.567927 0.000000 1.045285 1.567927 0.000000 1.045285 2.090569 0.000000 1.567927 2.090569 0.000000 1.567927
1.911586 0.000000 0.478439 3.022996 0.000000 2.867379 0.000000 2.789329 0.000000 -0.418688 0.000000 -4.815813 0.000000 0.000000 0.000000 2.160961 0.000000 -1.250485 0.000000 0.000000 0.000000 1.046719 0.000000 0.523360 0.000000 0.000000 0.000000 1.046719 0.000000 0.523360 0.000000 0.000000 0.000000 0.052354 0.000000 0.955793 0.000000 0.000000 0.000000 0.052354 0.000000 0.955793 0.000000 0.000000 0.000000 1.308399 0.000000 0.785039 0.000000 0.000000 0.000000 1.308399 0.000000 0.785039 0.000000 0.000000 0.000000 1.308399 0.000000 0.785039 0.000000 0.000000 0.000000 1.308399 0.000000 0.785039 -0.261680 0.000000 -2.889488 -0.261680 0.000000 -2.889488 0.052354 0.000000 0.955793 1.570079 0.000000 1.046719 1.570079 0.000000 1.046719 0.052354 0.000000 0.955793 0.052354 0.000000 0.955793 0.785039 0.000000 0.523360 0.785039 0.000000 0.523360 1.046719 0.000000 0.785039 1.046719 0.000000 0.785039
